id,word,level,frequency,part_of_speech,meaning_ja,meaning_cn,phrase,example_en,example_ja,example_cn,synonym
901,a few,eiken3,901,熟語,2、3の〜,几个；一些,a few minutes,Please wait a few minutes here.,ここで数分待ってください。,请在这里等几分钟。,some
902,a glass of,eiken3,902,熟語,コップ1杯の〜,一杯……,a glass of milk,I drink a glass of milk every morning.,私は毎朝牛乳を一杯飲みます。,我每天早上喝一杯牛奶。,
903,a little too,eiken3,903,熟語,少し〜すぎる,稍微太……,a little too big,This sweater is a little too big for me.,このセーターは私には少し大きすぎます。,这件毛衣对我来说有点太大了。,
904,a lot,eiken3,904,熟語,たいへん；非常に,很多；非常,help a lot,Your advice helped me a lot.,あなたの助言は私にとても役立ちました。,你的建议对我很有帮助。,very much
905,a lot of,eiken3,905,熟語,多くの〜,许多……,a lot of books,I have a lot of books in my room.,私の部屋にはたくさんの本があります。,我的房间里有很多书。,many
906,a pair of,eiken3,906,熟語,1組の〜；1足の〜,一双；一副,a pair of shoes,I bought a pair of shoes yesterday.,昨日、靴を一足買いました。,我昨天买了一双鞋。,
907,a piece of,eiken3,907,熟語,1切れの〜；1枚の〜,一块；一张,a piece of cake,Would you like a piece of cake?,ケーキを一切れいかがですか。,你要一块蛋糕吗？,
908,a sheet of,eiken3,908,熟語,1枚の〜,一张……,a sheet of paper,She wrote her name on a sheet of paper.,彼女は紙に名前を書きました。,她在一张纸上写了名字。,
909,a slice of,eiken3,909,熟語,1切れの〜,一片……,a slice of bread,He ate a slice of bread for breakfast.,彼は朝食にパンを一切れ食べました。,他早餐吃了一片面包。,
910,after a while,eiken3,910,熟語,しばらくして,过了一会儿,after a while,"After a while, it started to rain.",しばらくして、雨が降り始めました。,过了一会儿，开始下雨了。,later
911,after school,eiken3,911,熟語,放課後に,放学后,after school,I play soccer after school on Fridays.,金曜日の放課後にサッカーをします。,我星期五放学后踢足球。,
912,agree with,eiken3,912,熟語,〜に同意する,同意……,agree with me,Do you agree with this idea?,あなたはこの考えに賛成ですか。,你同意这个想法吗？,
913,all over the world,eiken3,913,熟語,世界中で,全世界,all over the world,This song is loved all over the world.,この歌は世界中で愛されています。,这首歌在全世界都受欢迎。,worldwide
914,anything else,eiken3,914,熟語,ほかの何か,别的东西,anything else,Do you need anything else?,ほかに何か必要ですか。,你还需要别的吗？,
915,"arrive in [at,on] ~",eiken3,915,熟語,〜に到着する,到达……,arrive at school,We arrived at school before eight.,私たちは8時前に学校に着きました。,我们八点前到了学校。,get to
916,as ~ as A can,eiken3,916,熟語,Aができるだけ〜,尽可能……,as soon as I can,I will call you as soon as I can.,できるだけ早くあなたに電話します。,我会尽快给你打电话。,
917,as usual,eiken3,917,熟語,いつものように,像往常一样,as usual,She got up at six as usual.,彼女はいつものように6時に起きました。,她像往常一样六点起床。,
918,ask (A) for ~,eiken3,918,熟語,Aに〜を求める,向A请求……,ask for help,I asked my teacher for help.,私は先生に助けを求めました。,我向老师求助。,
919,ask A to do,eiken3,919,熟語,Aに〜するよう頼む,请求A做……,ask him to come,I asked him to come early.,私は彼に早く来るよう頼みました。,我请他早点来。,
920,at first,eiken3,920,熟語,最初は,起初,at first,"At first, I did not like math.",最初は数学が好きではありませんでした。,起初我不喜欢数学。,
921,at last,eiken3,921,熟語,ついに；とうとう,终于,at last,"At last, we found the lost dog.",ついに私たちは迷子の犬を見つけました。,终于我们找到了走失的狗。,finally
922,at school,eiken3,922,熟語,学校で,在学校,at school,She has many friends at school.,彼女は学校にたくさん友達がいます。,她在学校有很多朋友。,
923,at the end of ~,eiken3,923,熟語,〜の終わりに,在……的最后,at the end of class,We cleaned the room at the end of class.,授業の終わりに教室を掃除しました。,我们在课的最后打扫了教室。,
924,be able to do,eiken3,924,熟語,〜することができる,能够做……,be able to swim,My brother is able to swim fast.,私の兄は速く泳ぐことができます。,我哥哥能游得很快。,can
925,be absent from ~,eiken3,925,熟語,〜を休んでいる,缺席……,be absent from school,He was absent from school yesterday.,彼は昨日学校を休みました。,他昨天没去学校。,
926,be born,eiken3,926,熟語,生まれる,出生,be born in Canada,She was born in Canada.,彼女はカナダで生まれました。,她出生在加拿大。,
927,be covered with ~,eiken3,927,熟語,〜でおおわれている,被……覆盖,be covered with snow,The ground was covered with snow.,地面は雪でおおわれていました。,地面被雪覆盖了。,
928,be different from ~,eiken3,928,熟語,〜と違う,和……不同,be different from mine,His answer is different from mine.,彼の答えは私のものと違います。,他的答案和我的不同。,
929,be famous for ~,eiken3,929,熟語,〜で有名である,因……而有名,be famous for sushi,This town is famous for sushi.,この町は寿司で有名です。,这个城镇因寿司而有名。,
930,be full of ~,eiken3,930,熟語,〜でいっぱいである,充满……,be full of stars,The sky was full of stars.,空は星でいっぱいでした。,天空布满了星星。,
931,be glad to do,eiken3,931,熟語,〜してうれしい,很高兴做……,be glad to meet you,I am glad to meet you today.,今日あなたに会えてうれしいです。,今天见到你我很高兴。,
932,be good at ~,eiken3,932,熟語,〜が得意である,擅长……,be good at soccer,My uncle is good at soccer.,私のおじはサッカーが得意です。,我叔叔擅长足球。,
933,be in a hurry,eiken3,933,熟語,急いでいる,匆忙,be in a hurry,I was in a hurry this morning.,今朝、私は急いでいました。,今天早上我很匆忙。,
934,be in trouble,eiken3,934,熟語,困っている,遇到麻烦,be in trouble,Call me if you are in trouble.,困ったら私に電話してください。,遇到麻烦就给我打电话。,
935,be interested in ~,eiken3,935,熟語,〜に興味がある,对……感兴趣,be interested in history,I am interested in Japanese history.,私は日本の歴史に興味があります。,我对日本历史感兴趣。,
936,be late for ~,eiken3,936,熟語,〜に遅れる,迟到,be late for class,Don't be late for class tomorrow.,明日、授業に遅れないでください。,明天上课不要迟到。,
937,be out,eiken3,937,熟語,外出している,不在；外出,be out now,My father is out now.,父は今外出しています。,我爸爸现在出去了。,
938,be proud of ~,eiken3,938,熟語,〜を誇りに思う,以……为豪,be proud of my son,She is proud of her son.,彼女は息子を誇りに思っています。,她为儿子感到骄傲。,
939,be ready for ~,eiken3,939,熟語,〜の準備ができている,为……做好准备,be ready for the test,I am ready for the science test.,理科のテストの準備ができています。,我为科学考试做好了准备。,
940,be ready to do,eiken3,940,熟語,〜する準備ができている,准备好做……,be ready to leave,Are you ready to leave now?,今出発する準備はできていますか。,你现在准备好出发了吗？,
941,be surprised at ~,eiken3,941,熟語,〜に驚く,对……感到惊讶,be surprised at the news,We were surprised at the news.,私たちはそのニュースに驚きました。,我们对那条新闻感到惊讶。,
942,be worried about ~,eiken3,942,熟語,〜を心配している,担心……,be worried about the exam,He is worried about the exam.,彼は試験を心配しています。,他担心考试。,
943,become friends with ~,eiken3,943,熟語,〜と友達になる,和……成为朋友,become friends with her,I became friends with a new student.,私は新しい生徒と友達になりました。,我和新同学成了朋友。,
944,between A and B,eiken3,944,熟語,AとBの間に,在A和B之间,between the bank and the store,The park is between the bank and the store.,公園は銀行と店の間にあります。,公园在银行和商店之间。,
945,both A and B,eiken3,945,熟語,AもBも両方,A和B两者都,both my aunt and uncle,Both my aunt and uncle like painting.,おばとおじは二人とも絵を描くのが好きです。,我的阿姨和叔叔都喜欢画画。,
946,both of ~,eiken3,946,熟語,〜の両方とも,两者都,both of them,Both of them were very kind.,彼らは二人ともとても親切でした。,他们两个都很亲切。,
947,by oneself,eiken3,947,熟語,ひとりで；自分で,独自；自己,live by oneself,Tom lives by himself in a small room.,トムは小さな部屋で一人で暮らしています。,汤姆一个人住在小房间里。,alone
948,clean up ~,eiken3,948,熟語,〜をきれいに片づける,打扫；整理,clean up the kitchen,Let's clean up the kitchen after dinner.,夕食の後で台所を片づけましょう。,晚饭后我们把厨房收拾一下吧。,
949,come back,eiken3,949,熟語,戻る,回来,come back soon,Please come back before six.,6時前に戻ってきてください。,请六点前回来。,return
950,come home,eiken3,950,熟語,帰宅する,回家,come home early,My sister came home early today.,姉は今日早く帰宅しました。,我姐姐今天很早回家了。,
951,come true,eiken3,951,熟語,実現する,实现,come true,I hope your dream will come true.,あなたの夢がかなうことを願っています。,希望你的梦想成真。,
952,decide to do,eiken3,952,熟語,〜することに決める,决定做……,decide to buy,We decided to buy a used bike.,私たちは中古の自転車を買うことに決めました。,我们决定买一辆二手自行车。,
953,do one's best,eiken3,953,熟語,最善を尽くす,尽力,do my best,I will do my best in the next game.,次の試合で全力を尽くします。,我会在下一场比赛中尽力。,try one's best
954,do one's homework,eiken3,954,熟語,宿題をする,做作业,do my homework,I did my homework before dinner.,夕食の前に宿題をしました。,我在晚饭前做了作业。,
955,do well,eiken3,955,熟語,うまくいく；成功する,做得好,do well on the test,How did you do well on the test?,テストはうまくできましたか。,考试考得好吗？,
956,each other,eiken3,956,熟語,お互い,互相,help each other,We should help each other.,私たちはお互いに助け合うべきです。,我们应该互相帮助。,
957,enjoy doing,eiken3,957,熟語,〜して楽しむ,享受做……,enjoy reading,I enjoy reading books on weekends.,週末に本を読むのを楽しんでいます。,我周末喜欢读书。,
958,enough for ~,eiken3,958,熟語,〜に十分な,对……足够,enough for everyone,There is enough food for everyone.,みんなに十分な食べ物があります。,有足够大家吃的食物。,
959,enough to do,eiken3,959,熟語,〜するのに十分な,足够做……,old enough to go,He is old enough to go alone.,彼は一人で行ける年齢です。,他已经大到可以一个人去了。,
960,exchange A for B,eiken3,960,熟語,AをBと交換する,把A换成B,exchange yen for dollars,I exchanged yen for dollars at the bank.,銀行で円をドルに交換しました。,我在银行把日元换成了美元。,
961,fall down,eiken3,961,熟語,倒れる；転ぶ,跌倒,fall down,The child fell down near the gate.,その子は門の近くで転びました。,那个孩子在门口附近摔倒了。,
962,find out ~,eiken3,962,熟語,〜を見つけ出す；知る,查明；发现,find out the answer,Let's find out the answer together.,一緒に答えを見つけましょう。,我们一起找出答案吧。,discover
963,finish doing,eiken3,963,熟語,〜し終える,做完……,finish washing,Have you finished washing your shoes?,靴を洗い終えましたか。,你洗完鞋了吗？,
964,first of all,eiken3,964,熟語,まず最初に,首先,first of all,"First of all, let me introduce myself.",まず最初に、自己紹介をさせてください。,首先，请让我自我介绍。,
965,for a long time,eiken3,965,熟語,長い間,很长时间,for a long time,I have wanted this bike for a long time.,私はこの自転車が長い間欲しかったです。,我想要这辆自行车很久了。,
966,for example,eiken3,966,熟語,例えば,例如,for example,"I like fruit, for example, apples and oranges.",私は果物が好きです。例えばリンゴやオレンジです。,我喜欢水果，例如苹果和橙子。,
967,for the first time,eiken3,967,熟語,初めて,第一次,for the first time,I visited Kyoto for the first time.,初めて京都を訪れました。,我第一次去了京都。,
968,from A to B,eiken3,968,熟語,AからBまで,从A到B,from Monday to Thursday,The pool is open from Monday to Thursday.,プールは月曜日から木曜日まで開いています。,游泳池从周一到周四开放。,
969,get a good grade,eiken3,969,熟語,よい成績をとる,取得好成绩,get a good grade,She got a good grade in English.,彼女は英語でよい成績を取りました。,她英语取得了好成绩。,
970,get a perfect score,eiken3,970,熟語,満点をとる,得满分,get a perfect score,He got a perfect score on the math test.,彼は数学のテストで満点を取りました。,他数学考试得了满分。,
971,get cold,eiken3,971,熟語,寒くなる,变冷,get cold,It gets cold in this room at night.,夜、この部屋は寒くなります。,晚上这个房间会变冷。,
972,get dark,eiken3,972,熟語,暗くなる,变暗,get dark,Let's go home before it gets dark.,暗くなる前に家に帰りましょう。,天黑前我们回家吧。,
973,get home,eiken3,973,熟語,帰宅する,到家,get home,I got home at seven last night.,昨夜7時に家に着きました。,昨晚七点我到家了。,
974,get hungry,eiken3,974,熟語,お腹がすく,肚子饿,get hungry,I get hungry after soccer practice.,サッカーの練習の後でお腹がすきます。,足球训练后我会肚子饿。,
975,get off (~),eiken3,975,熟語,〜を降りる,下车,get off the bus,Get off the bus at the next stop.,次のバス停でバスを降りてください。,请在下一站下车。,
976,get on (~),eiken3,976,熟語,〜に乗る,上车,get on the train,We got on the wrong train.,私たちは違う電車に乗ってしまいました。,我们坐错了火车。,
977,get to ~,eiken3,977,熟語,〜に着く,到达……,get to the airport,What time will we get to the airport?,何時に空港に着きますか。,我们几点到机场？,arrive at
978,give A a ride,eiken3,978,熟語,Aを車で送る,开车送A,give me a ride,My father gave me a ride to school.,父が私を学校まで車で送ってくれました。,爸爸开车送我去了学校。,
979,go and do,eiken3,979,熟語,〜しに行く,去做……,go and see,Let's go and see the new movie.,新しい映画を見に行きましょう。,我们去看新电影吧。,
980,go back home,eiken3,980,熟語,家に帰る,回家,go back home,We went back home after lunch.,昼食の後、家に帰りました。,午饭后我们回家了。,
981,go fishing,eiken3,981,熟語,釣りに行く,去钓鱼,go fishing,I often go fishing with my father.,私はよく父と釣りに行きます。,我经常和爸爸去钓鱼。,
982,go for a walk,eiken3,982,熟語,散歩に行く,去散步,go for a walk,I went for a walk in the park.,公園へ散歩に行きました。,我去公园散步了。,
983,go home,eiken3,983,熟語,帰宅する,回家,go home,"Children, it is time to go home.",子どもたち、家に帰る時間です。,孩子们，该回家了。,
984,go on a tour,eiken3,984,熟語,周遊旅行に出かける,去旅行团,go on a tour,We went on a bus tour around the city.,市内を回るバスツアーに出かけました。,我们参加了市内巴士游。,
985,go on a trip,eiken3,985,熟語,旅行に出かける,去旅行,go on a trip,They went on a trip to Mexico.,彼らはメキシコへ旅行に行きました。,他们去墨西哥旅行了。,
986,go out (for ~),eiken3,986,熟語,〜のために出かける,外出……,go out for lunch,Why don't we go out for lunch?,昼食を食べに出かけませんか。,我们出去吃午饭怎么样？,
987,go shopping,eiken3,987,熟語,買い物に行く,去购物,go shopping,I'm going shopping tomorrow afternoon.,明日の午後、買い物に行きます。,我明天下午去购物。,
988,go straight / walk straight,eiken3,988,熟語,まっすぐに行く,直走,go straight,Go straight and turn left at the corner.,まっすぐ行って角で左に曲がってください。,请直走，在拐角处左转。,
989,go to bed,eiken3,989,熟語,寝る,上床睡觉,go to bed,I have to go to bed early tonight.,今夜は早く寝なければなりません。,今晚我必须早点睡。,
990,go to see a movie,eiken3,990,熟語,映画を見に行く,去看电影,go to see a movie,"Last weekend, I went to see a movie with Betty.",先週末、ベティと映画を見に行きました。,上周末我和贝蒂去看了电影。,
991,go to the doctor,eiken3,991,熟語,医者に診てもらいに行く,去看医生,go to the doctor,I went to the doctor this morning.,今朝、医者に診てもらいに行きました。,今天早上我去看医生了。,
992,go to work,eiken3,992,熟語,仕事に行く,去上班,go to work,Dad goes to work by train.,父は電車で仕事に行きます。,爸爸坐火车去上班。,
993,graduate from ~,eiken3,993,熟語,〜を卒業する,从……毕业,graduate from university,She graduated from university last spring.,彼女は去年の春に大学を卒業しました。,她去年春天从大学毕业了。,
994,grow up,eiken3,994,熟語,大人になる；成長する,长大,grow up,I want to be a pilot when I grow up.,大人になったらパイロットになりたいです。,长大后我想当飞行员。,
995,have a chance to do,eiken3,995,熟語,〜する機会がある,有机会做……,have a chance to talk,We have a chance to talk to the writer.,私たちはその作家と話す機会があります。,我们有机会和那位作家交谈。,
996,have a cold,eiken3,996,熟語,風邪をひいている,感冒,have a cold,"I have a cold, so I will stay home.",風邪をひいているので家にいます。,我感冒了，所以会待在家。,
997,have a good time,eiken3,997,熟語,楽しく過ごす,玩得开心,have a good time,We had a good time at the park.,私たちは公園で楽しく過ごしました。,我们在公园玩得很开心。,
998,have been to ~,eiken3,998,熟語,〜に行ったことがある,去过……,have been to London,Have you ever been to London?,ロンドンに行ったことがありますか。,你去过伦敦吗？,
999,have enough (名詞) to do,eiken3,999,熟語,〜するのに十分な…がある,有足够的……做……,have enough eggs to make,We don't have enough eggs to make a cake.,ケーキを作るのに十分な卵がありません。,我们没有足够的鸡蛋做蛋糕。,
1000,have fun,eiken3,1000,熟語,楽しむ,玩得开心,have fun,The children had fun at the party.,子どもたちはパーティーで楽しみました。,孩子们在派对上玩得很开心。,
1001,have lunch,eiken3,1001,熟語,昼食をとる,吃午饭,have lunch,We had lunch at an Italian restaurant.,私たちはイタリア料理店で昼食をとりました。,我们在一家意大利餐厅吃了午饭。,
1002,have never been to ~,eiken3,1002,熟語,〜に行ったことがない,从没去过……,have never been to Paris,I've never been to Paris.,私はパリに行ったことがありません。,我从没去过巴黎。,
1003,have time to do,eiken3,1003,熟語,〜する時間がある,有时间做……,have time to visit,We didn't have time to visit the museum.,私たちは博物館を訪れる時間がありませんでした。,我们没有时间参观博物馆。,
1004,have to do,eiken3,1004,熟語,〜しなければならない,必须做……,have to finish,I have to finish this report by Monday.,月曜日までにこのレポートを終えなければなりません。,我必须在周一前完成这份报告。,must
1005,how long ~,eiken3,1005,熟語,どのくらいの長さで〜；どのくらいの間〜,多长；多久,how long,How long is the show?,そのショーはどのくらいの長さですか。,那场表演有多长？,
1006,how many times ~,eiken3,1006,熟語,何回〜,多少次,how many times,How many times have you been to Hawaii?,ハワイには何回行ったことがありますか。,你去过夏威夷几次？,
1007,how often ~,eiken3,1007,熟語,どのくらいの頻度で〜,多久一次,how often,How often do you play tennis?,どのくらいの頻度でテニスをしますか。,你多久打一次网球？,
1008,how to do,eiken3,1008,熟語,〜する方法；〜の仕方,如何做……,how to make,My grandmother taught me how to make apple pie.,祖母がアップルパイの作り方を教えてくれました。,奶奶教我怎么做苹果派。,
1009,hurry up,eiken3,1009,熟語,急ぐ,赶快,hurry up,"Hurry up, or we will be late.",急いで、さもないと遅れます。,快点，不然我们会迟到。,
1010,I'd like to do,eiken3,1010,熟語,〜したい,想要做……,I'd like to send,I'd like to send this package to Canada.,この荷物をカナダに送りたいです。,我想把这个包裹寄到加拿大。,
1011,in front of ~,eiken3,1011,熟語,〜の前で；〜の前に,在……前面,in front of the station,Let's meet in front of the station.,駅の前で会いましょう。,我们在车站前见吧。,
1012,in one's opinion,eiken3,1012,熟語,〜の意見では,在某人看来,in my opinion,"In my opinion, we should have another parking area.",私の意見では、もう一つ駐車場が必要です。,在我看来，我们需要另一个停车场。,
1013,in the middle of ~,eiken3,1013,熟語,〜の真ん中に；〜の最中に,在……中间,in the middle of the concert,He fell asleep in the middle of the concert.,彼はコンサートの最中に眠ってしまいました。,他在音乐会中途睡着了。,
1014,"in the morning [afternoon, evening]",eiken3,1014,熟語,午前中に；午後に；夕方に,在早上/下午/晚上,in the morning,I studied at the library in the morning.,午前中に図書館で勉強しました。,我上午在图书馆学习了。,
1015,in the world,eiken3,1015,熟語,世界で,在世界上,in the world,Mt. Everest is the highest mountain in the world.,エベレスト山は世界で一番高い山です。,珠穆朗玛峰是世界上最高的山。,
1016,invite A to B,eiken3,1016,熟語,AをBに招待する,邀请A去B,invite her to the party,Nancy invited us to her birthday party.,ナンシーは私たちを誕生日パーティーに招待しました。,南希邀请我们参加她的生日派对。,
1017,it is (形容詞) for A to do,eiken3,1017,熟語,Aが〜するのは…だ,对A来说做……是……,it is difficult for me to finish,It is difficult for me to finish the report today.,今日中にレポートを終えるのは私には難しいです。,今天完成报告对我来说很难。,
1018,it takes A (時間) to do,eiken3,1018,熟語,Aが〜するのに時間がかかる,A做……需要时间,it takes me an hour to read,It took me an hour to read the book.,その本を読むのに1時間かかりました。,我读那本书花了一个小时。,
1019,"last week [month, year]",eiken3,1019,熟語,先週；先月；昨年,上周；上月；去年,last week,I went skiing with my family last week.,先週、家族とスキーに行きました。,上周我和家人去滑雪了。,
1020,laugh at ~,eiken3,1020,熟語,〜を聞いて（笑って）笑う；〜を笑う,嘲笑；因……笑,laugh at the story,Everyone laughed at his funny story.,みんな彼のおもしろい話を聞いて笑いました。,大家听了他的有趣故事都笑了。,
1021,leave A at home,eiken3,1021,熟語,Aを家に忘れる,把A忘在家里,leave my wallet at home,I left my wallet at home this morning.,今朝、財布を家に忘れました。,今天早上我把钱包忘在家了。,
1022,leave a message,eiken3,1022,熟語,伝言を残す,留言,leave a message,Please leave a message after the sound.,音の後で伝言を残してください。,请在提示音后留言。,
1023,look around (~),eiken3,1023,熟語,辺りを見回す,环顾四周,look around the town,I didn't have enough time to look around the town.,町を見て回る時間が十分にありませんでした。,我没有足够时间逛这个城镇。,
1024,look for ~,eiken3,1024,熟語,〜を探す,寻找……,look for the dog,We went out to look for the lost dog.,私たちは迷子の犬を探しに出かけました。,我们出去找走失的狗。,search for
1025,look forward to doing [A],eiken3,1025,熟語,〜するのを楽しみに待つ,期待做……,look forward to seeing you,I'm looking forward to seeing you again.,またあなたに会えるのを楽しみにしています。,我期待再次见到你。,
1026,look well,eiken3,1026,熟語,元気そうに見える,看起来气色好,look well,You look well today.,今日は元気そうですね。,你今天看起来很好。,
1027,lots of ~,eiken3,1027,熟語,多くの〜,很多……,lots of food,There will be lots of food at the party.,パーティーにはたくさんの食べ物があります。,派对上会有很多食物。,a lot of
1028,make a speech,eiken3,1028,熟語,スピーチする,发表演讲,make a speech,He made a speech at the meeting.,彼は会議でスピーチをしました。,他在会议上发表了演讲。,
1029,more than ~,eiken3,1029,熟語,〜より多い,超过……,more than one hundred people,More than one hundred people came to the event.,100人以上がそのイベントに来ました。,一百多人来参加了活动。,
1030,most of ~,eiken3,1030,熟語,〜のほとんど,大部分……,most of the students,Most of the students walk to school.,ほとんどの生徒は歩いて学校へ行きます。,大多数学生步行上学。,
1031,move to ~,eiken3,1031,熟語,〜に引っ越す,搬到……,move to another floor,We moved to another floor last month.,先月、私たちは別の階に移りました。,上个月我们搬到了另一层。,
1032,near here,eiken3,1032,熟語,この近くに,在这附近,near here,Are there any good restaurants near here?,この近くによいレストランはありますか。,这附近有好餐厅吗？,
1033,need to do,eiken3,1033,熟語,〜する必要がある,需要做……,need to find,We need to find someone who can speak French.,フランス語を話せる人を見つける必要があります。,我们需要找一个会说法语的人。,
1034,not ~ at all,eiken3,1034,熟語,まったく〜ない,一点也不……,not understand at all,I didn't understand what Mike said at all.,マイクの言ったことがまったく分かりませんでした。,我完全不明白迈克说的话。,
1035,not ~ yet,eiken3,1035,熟語,まだ〜ない,还没……,not finish yet,I haven't finished cleaning my room yet.,まだ部屋の掃除を終えていません。,我还没打扫完房间。,
1036,not have to do,eiken3,1036,熟語,〜しなくてもよい,不必做……,not have to eat,You don't have to eat everything.,全部食べなくてもいいですよ。,你不必全部吃完。,
1037,not only A but also B,eiken3,1037,熟語,AだけでなくBも,不仅A而且B,not only sing but also dance,She can not only sing but also dance well.,彼女は歌えるだけでなく、上手に踊ることもできます。,她不仅会唱歌，还跳得很好。,
1038,on business,eiken3,1038,熟語,仕事で,因公；出差,on business,Linda's father went to Los Angeles on business.,リンダの父は仕事でロサンゼルスへ行きました。,琳达的父亲因公去了洛杉矶。,
1039,on one's [the] right,eiken3,1039,熟語,右手に,在右边,on your right,"Turn left at the flower shop, and you'll see it on your right.",花屋で左に曲がると、右手に見えます。,在花店左转，你会在右边看到它。,
1040,on one's way home,eiken3,1040,熟語,家に帰る途中で,在回家的路上,on my way home,I bought bread on my way home.,家に帰る途中でパンを買いました。,我在回家的路上买了面包。,
1041,on one's [the] way to ~,eiken3,1041,熟語,〜へ行く途中で,在去……的路上,on my way to work,I met Jason on my way to work.,仕事に行く途中でジェイソンに会いました。,我在上班路上遇到了杰森。,
1042,on weekends,eiken3,1042,熟語,週末に,在周末,on weekends,Jason often buys coffee on weekends.,ジェイソンは週末によくコーヒーを買います。,杰森周末经常买咖啡。,
1043,one more (名詞),eiken3,1043,熟語,もう一人/一つの〜,再一个……,one more volunteer,I think we need one more volunteer.,もう一人ボランティアが必要だと思います。,我想我们还需要一名志愿者。,
1044,one of ~,eiken3,1044,熟語,〜の1人/1つ,……之一,one of the students,One of them is a college student.,そのうちの一人は大学生です。,其中一个人是大学生。,
1045,one of the ~,eiken3,1045,熟語,最も〜なものの1つ,最……之一,one of the oldest cities,Rome is one of the oldest cities in Europe.,ローマはヨーロッパで最も古い都市の一つです。,罗马是欧洲最古老的城市之一。,
1046,over there,eiken3,1046,熟語,向こうに,在那边,over there,Who is the girl playing tennis over there?,向こうでテニスをしている女の子はだれですか。,那边那个打网球的女孩是谁？,
1047,pass the [an] exam,eiken3,1047,熟語,試験に合格する,通过考试,pass the exam,"Study hard, and you'll pass the exam.",一生懸命勉強すれば試験に合格するでしょう。,努力学习，你会通过考试的。,
1048,pick up ~,eiken3,1048,熟語,〜を車で迎えに来る；拾う,开车接；捡起,pick me up,Could you pick me up at the station?,駅まで迎えに来てくれませんか。,你能来车站接我吗？,
1049,put on ~,eiken3,1049,熟語,〜を着る,穿上……,put on a coat,"It was cold, so I put on a coat.",寒かったのでコートを着ました。,因为冷，我穿上了外套。,
1050,receive a prize,eiken3,1050,熟語,賞を受ける,获奖,receive a prize,She received the first prize in the contest.,彼女はコンテストで1等賞を取りました。,她在比赛中获得了一等奖。,
1051,right now,eiken3,1051,熟語,ちょうど今；すぐに,现在；马上,right now,I'm afraid she can't get to the phone right now.,申し訳ありませんが、彼女は今電話に出られません。,不好意思，她现在不能接电话。,
1052,run away,eiken3,1052,熟語,逃げ去る；走り去る,逃走,run away,The cat ran away from the room.,猫は部屋から逃げ出しました。,猫从房间里跑掉了。,
1053,save money,eiken3,1053,熟語,貯金する,存钱,save money,Jane is working after school to save money.,ジェーンはお金を貯めるために放課後働いています。,简放学后工作是为了存钱。,
1054,say hello to ~,eiken3,1054,熟語,〜によろしく伝える,向……问好,say hello to your grandmother,Please say hello to your grandmother for me.,おばあさんによろしく伝えてください。,请代我向你奶奶问好。,
1055,shake hands with ~,eiken3,1055,熟語,〜と握手する,和……握手,shake hands with the coach,You can shake hands with the members of the band.,バンドのメンバーと握手できます。,你可以和乐队成员握手。,
1056,shout at ~,eiken3,1056,熟語,〜に叫ぶ,对……大喊,shout at his son,"He shouted at his son, “Watch out!”",彼は息子に「危ない」と叫びました。,他对儿子喊：“小心！”,
1057,show A how to do,eiken3,1057,熟語,Aに〜のやり方を教える,教A如何做……,show me how to use,Can you show me how to use this machine?,この機械の使い方を教えてくれますか。,你能教我怎么用这台机器吗？,
1058,so ~ that ...,eiken3,1058,熟語,とても〜なので…,如此……以至于……,so tired that,We were so tired that we went to bed early.,私たちはとても疲れていたので早く寝ました。,我们太累了，所以早早睡了。,
1059,something to do,eiken3,1059,熟語,何か〜するもの,要做的事；某物去做,something to read,I want to get something to read on the train.,電車の中で読むものを買いたいです。,我想买点在火车上读的东西。,
1060,something (形容詞),eiken3,1060,熟語,何か〜なもの,某个……的东西,something special,Let's make something special for dinner.,夕食に何か特別なものを作りましょう。,我们晚饭做点特别的东西吧。,
1061,spend A on ~,eiken3,1061,熟語,A(時間・お金)を～に費やす,把A花在~上,spend A on ~,"I use ""spend A on ~"" in a simple sentence.",私は「spend A on ~」を使った簡単な文を勉強しました。,我学习了包含“spend A on ~”的简单句子。,
1062,stay home,eiken3,1062,熟語,家にいる,待在家,stay home,"I use ""stay home"" in a simple sentence.",私は「stay home」を使った簡単な文を勉強しました。,我学习了包含“stay home”的简单句子。,
1063,stay up late,eiken3,1063,熟語,夜更かしする,熬夜,stay up late,"I use ""stay up late"" in a simple sentence.",私は「stay up late」を使った簡単な文を勉強しました。,我学习了包含“stay up late”的简单句子。,
1064,such a ~,eiken3,1064,熟語,そのような～,那样的~,such a ~,"I use ""such a ~"" in a simple sentence.",私は「such a ~」を使った簡単な文を勉強しました。,我学习了包含“such a ~”的简单句子。,
1065,take A to B,eiken3,1065,熟語,AをBに連れて行く,带A去B,take A to B,"I use ""take A to B"" in a simple sentence.",私は「take A to B」を使った簡単な文を勉強しました。,我学习了包含“take A to B”的简单句子。,
1066,take a picture,eiken3,1066,熟語,写真を撮る,拍照,take a picture,"I use ""take a picture"" in a simple sentence.",私は「take a picture」を使った簡単な文を勉強しました。,我学习了包含“take a picture”的简单句子。,
1067,take care of ~,eiken3,1067,熟語,～の世話をする,照顾,take care of ~,"I use ""take care of ~"" in a simple sentence.",私は「take care of ~」を使った簡単な文を勉強しました。,我学习了包含“take care of ~”的简单句子。,
1068,take lessons,eiken3,1068,熟語,レッスンを受ける,上课,take lessons,"I use ""take lessons"" in a simple sentence.",私は「take lessons」を使った簡単な文を勉強しました。,我学习了包含“take lessons”的简单句子。,
1069,take off,eiken3,1069,熟語,離陸する,起飞,take off,"I use ""take off"" in a simple sentence.",私は「take off」を使った簡単な文を勉強しました。,我学习了包含“take off”的简单句子。,
1070,take off ~,eiken3,1070,熟語,～を脱ぐ,脱下,take off ~,"I use ""take off ~"" in a simple sentence.",私は「take off ~」を使った簡単な文を勉強しました。,我学习了包含“take off ~”的简单句子。,
1071,take part in ~,eiken3,1071,熟語,～に参加する,参加,take part in ~,"I use ""take part in ~"" in a simple sentence.",私は「take part in ~」を使った簡単な文を勉強しました。,我学习了包含“take part in ~”的简单句子。,
1072,talk on the phone,eiken3,1072,熟語,電話で話す,打电话,talk on the phone,"I use ""talk on the phone"" in a simple sentence.",私は「talk on the phone」を使った簡単な文を勉強しました。,我学习了包含“talk on the phone”的简单句子。,
1073,tell A how to do,eiken3,1073,熟語,Aに～のやり方を教える,告诉A如何做,tell A how to do,"I use ""tell A how to do"" in a simple sentence.",私は「tell A how to do」を使った簡単な文を勉強しました。,我学习了包含“tell A how to do”的简单句子。,
1074,tell A to do,eiken3,1074,熟語,Aに～するように言う,叫A做,tell A to do,"I use ""tell A to do"" in a simple sentence.",私は「tell A to do」を使った簡単な文を勉強しました。,我学习了包含“tell A to do”的简单句子。,
1075,than usual,eiken3,1075,熟語,いつもより,比平时,than usual,"I use ""than usual"" in a simple sentence.",私は「than usual」を使った簡単な文を勉強しました。,我学习了包含“than usual”的简单句子。,
1076,the other day,eiken3,1076,熟語,先日,前几天,the other day,"I use ""the other day"" in a simple sentence.",私は「the other day」を使った簡単な文を勉強しました。,我学习了包含“the other day”的简单句子。,
1077,walk along ~,eiken3,1077,熟語,～に沿って歩く,沿着,walk along ~,"I use ""walk along ~"" in a simple sentence.",私は「walk along ~」を使った簡単な文を勉強しました。,我学习了包含“walk along ~”的简单句子。,
1078,want A to do,eiken3,1078,熟語,Aに～してもらいたい,想让A做,want A to do,"I use ""want A to do"" in a simple sentence.",私は「want A to do」を使った簡単な文を勉強しました。,我学习了包含“want A to do”的简单句子。,
1079,want to be,eiken3,1079,熟語,～になりたい,想成为,want to be,"I use ""want to be"" in a simple sentence.",私は「want to be」を使った簡単な文を勉強しました。,我学习了包含“want to be”的简单句子。,
1080,what to do,eiken3,1080,熟語,何をすべきか,该做什么,what to do,"I use ""what to do"" in a simple sentence.",私は「what to do」を使った簡単な文を勉強しました。,我学习了包含“what to do”的简单句子。,
1081,when to do,eiken3,1081,熟語,いつ～するか,何时做,when to do,"I use ""when to do"" in a simple sentence.",私は「when to do」を使った簡単な文を勉強しました。,我学习了包含“when to do”的简单句子。,
1082,where to do,eiken3,1082,熟語,どこで～するか,在哪里做,where to do,"I use ""where to do"" in a simple sentence.",私は「where to do」を使った簡単な文を勉強しました。,我学习了包含“where to do”的简单句子。,
1083,work well,eiken3,1083,熟語,うまくいく,顺利进行,work well,"I use ""work well"" in a simple sentence.",私は「work well」を使った簡単な文を勉強しました。,我学习了包含“work well”的简单句子。,
1084,~ years old,eiken3,1084,熟語,～歳,~岁,~ years old,"I use ""~ years old"" in a simple sentence.",私は「~ years old」を使った簡単な文を勉強しました。,我学习了包含“~ years old”的简单句子。,
1085,think about doing,eiken3,1085,熟語,～することについて考える,考虑做,think about doing,"I use ""think about doing"" in a simple sentence.",私は「think about doing」を使った簡単な文を勉強しました。,我学习了包含“think about doing”的简单句子。,
1086,think of ~,eiken3,1086,熟語,～のことを考える,想起,think of ~,"I use ""think of ~"" in a simple sentence.",私は「think of ~」を使った簡単な文を勉強しました。,我学习了包含“think of ~”的简单句子。,
1087,this morning,eiken3,1087,熟語,今朝,今天早上,this morning,"I use ""this morning"" in a simple sentence.",私は「this morning」を使った簡単な文を勉強しました。,我学习了包含“this morning”的简单句子。,
1088,throw away ~,eiken3,1088,熟語,～を捨てる,扔掉,throw away ~,"I use ""throw away ~"" in a simple sentence.",私は「throw away ~」を使った簡単な文を勉強しました。,我学习了包含“throw away ~”的简单句子。,
1089,too ... to do,eiken3,1089,熟語,あまりに～で…できない,太...而不能,too ... to do,"I use ""too ... to do"" in a simple sentence.",私は「too ... to do」を使った簡単な文を勉強しました。,我学习了包含“too ... to do”的简单句子。,
1090,travel to ~,eiken3,1090,熟語,～へ旅行する,去旅行,travel to ~,"I use ""travel to ~"" in a simple sentence.",私は「travel to ~」を使った簡単な文を勉強しました。,我学习了包含“travel to ~”的简单句子。,
1091,try on ~,eiken3,1091,熟語,試着する,试穿,try on ~,"I use ""try on ~"" in a simple sentence.",私は「try on ~」を使った簡単な文を勉強しました。,我学习了包含“try on ~”的简单句子。,
1092,turn down ~,eiken3,1092,熟語,音量を下げる,调低,turn down ~,"I use ""turn down ~"" in a simple sentence.",私は「turn down ~」を使った簡単な文を勉強しました。,我学习了包含“turn down ~”的简单句子。,
1093,turn left,eiken3,1093,熟語,左に曲がる,左转,turn left,"I use ""turn left"" in a simple sentence.",私は「turn left」を使った簡単な文を勉強しました。,我学习了包含“turn left”的简单句子。,
1094,turn off ~,eiken3,1094,熟語,～を消す,关闭,turn off ~,"I use ""turn off ~"" in a simple sentence.",私は「turn off ~」を使った簡単な文を勉強しました。,我学习了包含“turn off ~”的简单句子。,
1095,turn on ~,eiken3,1095,熟語,～をつける,打开,turn on ~,"I use ""turn on ~"" in a simple sentence.",私は「turn on ~」を使った簡単な文を勉強しました。,我学习了包含“turn on ~”的简单句子。,
1096,turn up ~,eiken3,1096,熟語,音量を上げる,调高,turn up ~,"I use ""turn up ~"" in a simple sentence.",私は「turn up ~」を使った簡単な文を勉強しました。,我学习了包含“turn up ~”的简单句子。,
1097,twice a month,eiken3,1097,熟語,月に2回,每月两次,twice a month,"I use ""twice a month"" in a simple sentence.",私は「twice a month」を使った簡単な文を勉強しました。,我学习了包含“twice a month”的简单句子。,
1098,visit A in the hospital,eiken3,1098,熟語,病院のAを見舞う,探望病人,visit A in the hospital,"I use ""visit A in the hospital"" in a simple sentence.",私は「visit A in the hospital」を使った簡単な文を勉強しました。,我学习了包含“visit A in the hospital”的简单句子。,
1099,wait for ~,eiken3,1099,熟語,～を待つ,等待,wait for ~,"I use ""wait for ~"" in a simple sentence.",私は「wait for ~」を使った簡単な文を勉強しました。,我学习了包含“wait for ~”的简单句子。,
1100,wake up,eiken3,1100,熟語,目を覚ます,醒来,wake up,"I use ""wake up"" in a simple sentence.",私は「wake up」を使った簡単な文を勉強しました。,我学习了包含“wake up”的简单句子。,
1101,a couple of ~,eiken3,1101,熟語,"2,3の～",几个,a couple of ~,"I use ""a couple of ~"" in a simple sentence.",私は「a couple of ~」を使った簡単な文を勉強しました。,我学习了包含“a couple of ~”的简单句子。,
1102,a friend of mine,eiken3,1102,熟語,私の友人の一人,我的一个朋友,a friend of mine,"I use ""a friend of mine"" in a simple sentence.",私は「a friend of mine」を使った簡単な文を勉強しました。,我学习了包含“a friend of mine”的简单句子。,
1103,a number of ~,eiken3,1103,熟語,多くの～,许多,a number of ~,"I use ""a number of ~"" in a simple sentence.",私は「a number of ~」を使った簡単な文を勉強しました。,我学习了包含“a number of ~”的简单句子。,
1104,a part of ~,eiken3,1104,熟語,～の一部,一部分,a part of ~,"I use ""a part of ~"" in a simple sentence.",私は「a part of ~」を使った簡単な文を勉強しました。,我学习了包含“a part of ~”的简单句子。,
1105,all day,eiken3,1105,熟語,一日中,整天,all day,"I use ""all day"" in a simple sentence.",私は「all day」を使った簡単な文を勉強しました。,我学习了包含“all day”的简单句子。,
1106,all night,eiken3,1106,熟語,一晩中,整晚,all night,"I use ""all night"" in a simple sentence.",私は「all night」を使った簡単な文を勉強しました。,我学习了包含“all night”的简单句子。,
1107,all the time,eiken3,1107,熟語,いつも,一直,all the time,"I use ""all the time"" in a simple sentence.",私は「all the time」を使った簡単な文を勉強しました。,我学习了包含“all the time”的简单句子。,
1108,all the way,eiken3,1108,熟語,はるばる,一路,all the way,"I use ""all the way"" in a simple sentence.",私は「all the way」を使った簡単な文を勉強しました。,我学习了包含“all the way”的简单句子。,
1109,and so on,eiken3,1109,熟語,など,等等,and so on,"I use ""and so on"" in a simple sentence.",私は「and so on」を使った簡単な文を勉強しました。,我学习了包含“and so on”的简单句子。,
1110,another minute,eiken3,1110,熟語,あと1分,再一分钟,another minute,"I use ""another minute"" in a simple sentence.",私は「another minute」を使った簡単な文を勉強しました。,我学习了包含“another minute”的简单句子。,
1111,as many as,eiken3,1111,熟語,～ほど多くの,多达,as many as,"I use ""as many as"" in a simple sentence.",私は「as many as」を使った簡単な文を勉強しました。,我学习了包含“as many as”的简单句子。,
1112,as much as I can,eiken3,1112,熟語,できるだけ,尽可能,as much as I can,"I use ""as much as I can"" in a simple sentence.",私は「as much as I can」を使った簡単な文を勉強しました。,我学习了包含“as much as I can”的简单句子。,
1113,as much as possible,eiken3,1113,熟語,できるだけたくさん,尽可能多,as much as possible,"I use ""as much as possible"" in a simple sentence.",私は「as much as possible」を使った簡単な文を勉強しました。,我学习了包含“as much as possible”的简单句子。,
1114,as soon as,eiken3,1114,熟語,～するとすぐに,一...就,as soon as,"I use ""as soon as"" in a simple sentence.",私は「as soon as」を使った簡単な文を勉強しました。,我学习了包含“as soon as”的简单句子。,
1115,as well as,eiken3,1115,熟語,～だけでなく,以及,as well as,"I use ""as well as"" in a simple sentence.",私は「as well as」を使った簡単な文を勉強しました。,我学习了包含“as well as”的简单句子。,
1116,as you know,eiken3,1116,熟語,ご存じのように,如你所知,as you know,"I use ""as you know"" in a simple sentence.",私は「as you know」を使った簡単な文を勉強しました。,我学习了包含“as you know”的简单句子。,
1117,be known to,eiken3,1117,熟語,～に知られている,为...所知,be known to,"I use ""be known to"" in a simple sentence.",私は「be known to」を使った簡単な文を勉強しました。,我学习了包含“be known to”的简单句子。,
1118,be over,eiken3,1118,熟語,終わる,结束,be over,"I use ""be over"" in a simple sentence.",私は「be over」を使った簡単な文を勉強しました。,我学习了包含“be over”的简单句子。,
1119,be pleased to do,eiken3,1119,熟語,～してうれしい,高兴做,be pleased to do,"I use ""be pleased to do"" in a simple sentence.",私は「be pleased to do」を使った簡単な文を勉強しました。,我学习了包含“be pleased to do”的简单句子。,
1120,be satisfied with,eiken3,1120,熟語,～に満足している,对...满意,be satisfied with,"I use ""be satisfied with"" in a simple sentence.",私は「be satisfied with」を使った簡単な文を勉強しました。,我学习了包含“be satisfied with”的简单句子。,
1121,be scared of,eiken3,1121,熟語,～を恐れる,害怕,be scared of,"I use ""be scared of"" in a simple sentence.",私は「be scared of」を使った簡単な文を勉強しました。,我学习了包含“be scared of”的简单句子。,
1122,be sick in bed,eiken3,1122,熟語,病気で寝ている,卧病在床,be sick in bed,"I use ""be sick in bed"" in a simple sentence.",私は「be sick in bed」を使った簡単な文を勉強しました。,我学习了包含“be sick in bed”的简单句子。,
1123,be similar to,eiken3,1123,熟語,～に似ている,类似,be similar to,"I use ""be similar to"" in a simple sentence.",私は「be similar to」を使った簡単な文を勉強しました。,我学习了包含“be similar to”的简单句子。,
1124,be surprised to do,eiken3,1124,熟語,～して驚く,惊讶做,be surprised to do,"I use ""be surprised to do"" in a simple sentence.",私は「be surprised to do」を使った簡単な文を勉強しました。,我学习了包含“be surprised to do”的简单句子。,
1125,be tired from,eiken3,1125,熟語,～で疲れている,因...疲劳,be tired from,"I use ""be tired from"" in a simple sentence.",私は「be tired from」を使った簡単な文を勉強しました。,我学习了包含“be tired from”的简单句子。,
1126,be tired of doing,eiken3,1126,熟語,～することに飽きる,厌倦做,be tired of doing,"I use ""be tired of doing"" in a simple sentence.",私は「be tired of doing」を使った簡単な文を勉強しました。,我学习了包含“be tired of doing”的简单句子。,
1127,because of,eiken3,1127,熟語,～のために,因为,because of,"I use ""because of"" in a simple sentence.",私は「because of」を使った簡単な文を勉強しました。,我学习了包含“because of”的简单句子。,
1128,belong to,eiken3,1128,熟語,～に属する,属于,belong to,"I use ""belong to"" in a simple sentence.",私は「belong to」を使った簡単な文を勉強しました。,我学习了包含“belong to”的简单句子。,
1129,brush one’s teeth,eiken3,1129,熟語,歯をみがく,刷牙,brush one’s teeth,"I use ""brush one’s teeth"" in a simple sentence.",私は「brush one’s teeth」を使った簡単な文を勉強しました。,我学习了包含“brush one’s teeth”的简单句子。,
1130,by the way,eiken3,1130,熟語,ところで,顺便说,by the way,"I use ""by the way"" in a simple sentence.",私は「by the way」を使った簡単な文を勉強しました。,我学习了包含“by the way”的简单句子。,
1131,call A back,eiken3,1131,熟語,Aに折り返し電話する,回电,call A back,"I use ""call A back"" in a simple sentence.",私は「call A back」を使った簡単な文を勉強しました。,我学习了包含“call A back”的简单句子。,
1132,care about,eiken3,1132,熟語,～を気にかける,关心,care about,"I use ""care about"" in a simple sentence.",私は「care about」を使った簡単な文を勉強しました。,我学习了包含“care about”的简单句子。,
1133,catch a cold,eiken3,1133,熟語,風邪をひく,感冒,catch a cold,"I use ""catch a cold"" in a simple sentence.",私は「catch a cold」を使った簡単な文を勉強しました。,我学习了包含“catch a cold”的简单句子。,
1134,change trains,eiken3,1134,熟語,電車を乗り換える,换乘,change trains,"I use ""change trains"" in a simple sentence.",私は「change trains」を使った簡単な文を勉強しました。,我学习了包含“change trains”的简单句子。,
1135,cheer up,eiken3,1135,熟語,～を元気づける,鼓励,cheer up,"I use ""cheer up"" in a simple sentence.",私は「cheer up」を使った簡単な文を勉強しました。,我学习了包含“cheer up”的简单句子。,
1136,day after day,eiken3,1136,熟語,毎日毎日,日复一日,day after day,"I use ""day after day"" in a simple sentence.",私は「day after day」を使った簡単な文を勉強しました。,我学习了包含“day after day”的简单句子。,
1137,day and night,eiken3,1137,熟語,昼も夜も,日日夜夜,day and night,"I use ""day and night"" in a simple sentence.",私は「day and night」を使った簡単な文を勉強しました。,我学习了包含“day and night”的简单句子。,
1138,depend on,eiken3,1138,熟語,～次第である,取决于,depend on,"I use ""depend on"" in a simple sentence.",私は「depend on」を使った簡単な文を勉強しました。,我学习了包含“depend on”的简单句子。,
1139,die of,eiken3,1139,熟語,～で死ぬ,死于,die of,"I use ""die of"" in a simple sentence.",私は「die of」を使った簡単な文を勉強しました。,我学习了包含“die of”的简单句子。,
1140,drive A home,eiken3,1140,熟語,Aを車で家まで送る,开车送回家,drive A home,"I use ""drive A home"" in a simple sentence.",私は「drive A home」を使った簡単な文を勉強しました。,我学习了包含“drive A home”的简单句子。,
1141,either A or B,eiken3,1141,熟語,AかBのどちらか,要么A要么B,either A or B,"I use ""either A or B"" in a simple sentence.",私は「either A or B」を使った簡単な文を勉強しました。,我学习了包含“either A or B”的简单句子。,
1142,enjoy oneself,eiken3,1142,熟語,楽しむ,玩得开心,enjoy oneself,"I use ""enjoy oneself"" in a simple sentence.",私は「enjoy oneself」を使った簡単な文を勉強しました。,我学习了包含“enjoy oneself”的简单句子。,
1143,even if,eiken3,1143,熟語,たとえ～でも,即使,even if,"I use ""even if"" in a simple sentence.",私は「even if」を使った簡単な文を勉強しました。,我学习了包含“even if”的简单句子。,
1144,every other day,eiken3,1144,熟語,1日おきに,每隔一天,every other day,"I use ""every other day"" in a simple sentence.",私は「every other day」を使った簡単な文を勉強しました。,我学习了包含“every other day”的简单句子。,
1145,fall asleep,eiken3,1145,熟語,眠りに落ちる,睡着,fall asleep,"I use ""fall asleep"" in a simple sentence.",私は「fall asleep」を使った簡単な文を勉強しました。,我学习了包含“fall asleep”的简单句子。,
1146,fall in love with,eiken3,1146,熟語,～に恋する,爱上,fall in love with,"I use ""fall in love with"" in a simple sentence.",私は「fall in love with」を使った簡単な文を勉強しました。,我学习了包含“fall in love with”的简单句子。,
1147,at a time,eiken3,1147,熟語,一度に,一次,at a time,"I use ""at a time"" in a simple sentence.",私は「at a time」を使った簡単な文を勉強しました。,我学习了包含“at a time”的简单句子。,
1148,at least,eiken3,1148,熟語,少なくとも,至少,at least,"I use ""at least"" in a simple sentence.",私は「at least」を使った簡単な文を勉強しました。,我学习了包含“at least”的简单句子。,
1149,at the age of,eiken3,1149,熟語,～歳のときに,在...岁时,at the age of,"I use ""at the age of"" in a simple sentence.",私は「at the age of」を使った簡単な文を勉強しました。,我学习了包含“at the age of”的简单句子。,
1150,at the foot of,eiken3,1150,熟語,～のふもとに,在山脚下,at the foot of,"I use ""at the foot of"" in a simple sentence.",私は「at the foot of」を使った簡単な文を勉強しました。,我学习了包含“at the foot of”的简单句子。,
1151,be afraid of,eiken3,1151,熟語,～を恐れる,害怕,be afraid of,"I use ""be afraid of"" in a simple sentence.",私は「be afraid of」を使った簡単な文を勉強しました。,我学习了包含“be afraid of”的简单句子。,
1152,be at home,eiken3,1152,熟語,家にいる,在家,be at home,"I use ""be at home"" in a simple sentence.",私は「be at home」を使った簡単な文を勉強しました。,我学习了包含“be at home”的简单句子。,
1153,be back,eiken3,1153,熟語,戻る,回来,be back,"I use ""be back"" in a simple sentence.",私は「be back」を使った簡単な文を勉強しました。,我学习了包含“be back”的简单句子。,
1154,be busy with,eiken3,1154,熟語,～で忙しい,忙于,be busy with,"I use ""be busy with"" in a simple sentence.",私は「be busy with」を使った簡単な文を勉強しました。,我学习了包含“be busy with”的简单句子。,
1155,be careful about,eiken3,1155,熟語,～に気をつける,注意,be careful about,"I use ""be careful about"" in a simple sentence.",私は「be careful about」を使った簡単な文を勉強しました。,我学习了包含“be careful about”的简单句子。,
1156,be close to,eiken3,1156,熟語,～に近い,接近,be close to,"I use ""be close to"" in a simple sentence.",私は「be close to」を使った簡単な文を勉強しました。,我学习了包含“be close to”的简单句子。,
1157,be familiar with,eiken3,1157,熟語,～をよく知っている,熟悉,be familiar with,"I use ""be familiar with"" in a simple sentence.",私は「be familiar with」を使った簡単な文を勉強しました。,我学习了包含“be familiar with”的简单句子。,
1158,be filled with,eiken3,1158,熟語,～でいっぱいである,充满,be filled with,"I use ""be filled with"" in a simple sentence.",私は「be filled with」を使った簡単な文を勉強しました。,我学习了包含“be filled with”的简单句子。,
1159,be fond of,eiken3,1159,熟語,～が好きだ,喜欢,be fond of,"I use ""be fond of"" in a simple sentence.",私は「be fond of」を使った簡単な文を勉強しました。,我学习了包含“be fond of”的简单句子。,
1160,be known as,eiken3,1160,熟語,～として知られている,被称为,be known as,"I use ""be known as"" in a simple sentence.",私は「be known as」を使った簡単な文を勉強しました。,我学习了包含“be known as”的简单句子。,
1161,get angry,eiken3,1161,熟語,生气,生气,get angry,"I use ""get angry"" in a simple sentence.",私は「get angry」を使った簡単な文を勉強しました。,我学习了包含“get angry”的简单句子。,
1162,get away from,eiken3,1162,熟語,～から離れる,远离,get away from,"I use ""get away from"" in a simple sentence.",私は「get away from」を使った簡単な文を勉強しました。,我学习了包含“get away from”的简单句子。,
1163,get back,eiken3,1163,熟語,戻る,回来,get back,"I use ""get back"" in a simple sentence.",私は「get back」を使った簡単な文を勉強しました。,我学习了包含“get back”的简单句子。,
1164,get better,eiken3,1164,熟語,好转する,变好,get better,"I use ""get better"" in a simple sentence.",私は「get better」を使った簡単な文を勉強しました。,我学习了包含“get better”的简单句子。,
1165,get excited,eiken3,1165,熟語,興奮する,兴奋,get excited,"I use ""get excited"" in a simple sentence.",私は「get excited」を使った簡単な文を勉強しました。,我学习了包含“get excited”的简单句子。,
1166,get in,eiken3,1166,熟語,乗り込む,上车,get in,"I use ""get in"" in a simple sentence.",私は「get in」を使った簡単な文を勉強しました。,我学习了包含“get in”的简单句子。,
1167,get out of,eiken3,1167,熟語,～から出る,出去,get out of,"I use ""get out of"" in a simple sentence.",私は「get out of」を使った簡単な文を勉強しました。,我学习了包含“get out of”的简单句子。,
1168,get well,eiken3,1168,熟語,元気になる,康复,get well,"I use ""get well"" in a simple sentence.",私は「get well」を使った簡単な文を勉強しました。,我学习了包含“get well”的简单句子。,
1169,give back,eiken3,1169,熟語,～を返す,归还,give back,"I use ""give back"" in a simple sentence.",私は「give back」を使った簡単な文を勉強しました。,我学习了包含“give back”的简单句子。,
1170,give up doing,eiken3,1170,熟語,～することをやめる,放弃做,give up doing,"I use ""give up doing"" in a simple sentence.",私は「give up doing」を使った簡単な文を勉強しました。,我学习了包含“give up doing”的简单句子。,
1171,go abroad,eiken3,1171,熟語,海外に行く,出国,go abroad,"I use ""go abroad"" in a simple sentence.",私は「go abroad」を使った簡単な文を勉強しました。,我学习了包含“go abroad”的简单句子。,
1172,go away,eiken3,1172,熟語,立ち去る,离开,go away,"I use ""go away"" in a simple sentence.",私は「go away」を使った簡単な文を勉強しました。,我学习了包含“go away”的简单句子。,
1173,go by,eiken3,1173,熟語,(時間が)過ぎる,过去,go by,"I use ""go by"" in a simple sentence.",私は「go by」を使った簡単な文を勉強しました。,我学习了包含“go by”的简单句子。,
1174,go into,eiken3,1174,熟語,～に入る,进入,go into,"I use ""go into"" in a simple sentence.",私は「go into」を使った簡単な文を勉強しました。,我学习了包含“go into”的简单句子。,
1175,go to sleep,eiken3,1175,熟語,眠る,入睡,go to sleep,"I use ""go to sleep"" in a simple sentence.",私は「go to sleep」を使った簡単な文を勉強しました。,我学习了包含“go to sleep”的简单句子。,
1176,had better do,eiken3,1176,熟語,～したほうがよい,最好,had better do,"I use ""had better do"" in a simple sentence.",私は「had better do」を使った簡単な文を勉強しました。,我学习了包含“had better do”的简单句子。,
1177,happen to do,eiken3,1177,熟語,たまたま～する,碰巧,happen to do,"I use ""happen to do"" in a simple sentence.",私は「happen to do」を使った簡単な文を勉強しました。,我学习了包含“happen to do”的简单句子。,
1178,have a baby,eiken3,1178,熟語,赤ちゃんを産む,生孩子,have a baby,"I use ""have a baby"" in a simple sentence.",私は「have a baby」を使った簡単な文を勉強しました。,我学习了包含“have a baby”的简单句子。,
1179,have a dream,eiken3,1179,熟語,夢を持つ,有梦想,have a dream,"I use ""have a dream"" in a simple sentence.",私は「have a dream」を使った簡単な文を勉強しました。,我学习了包含“have a dream”的简单句子。,
1180,have a fight,eiken3,1180,熟語,けんかをする,吵架,have a fight,"I use ""have a fight"" in a simple sentence.",私は「have a fight」を使った簡単な文を勉強しました。,我学习了包含“have a fight”的简单句子。,
1181,have a good memory,eiken3,1181,熟語,記憶力がいい,记性好,have a good memory,"I use ""have a good memory"" in a simple sentence.",私は「have a good memory」を使った簡単な文を勉強しました。,我学习了包含“have a good memory”的简单句子。,
1182,have a good sleep,eiken3,1182,熟語,ぐっすり眠る,睡个好觉,have a good sleep,"I use ""have a good sleep"" in a simple sentence.",私は「have a good sleep」を使った簡単な文を勉強しました。,我学习了包含“have a good sleep”的简单句子。,
1183,have a stomachache,eiken3,1183,熟語,腹痛がする,肚子疼,have a stomachache,"I use ""have a stomachache"" in a simple sentence.",私は「have a stomachache」を使った簡単な文を勉強しました。,我学习了包含“have a stomachache”的简单句子。,
1184,have a talk,eiken3,1184,熟語,話をする,谈话,have a talk,"I use ""have a talk"" in a simple sentence.",私は「have a talk」を使った簡単な文を勉強しました。,我学习了包含“have a talk”的简单句子。,
1185,have no idea,eiken3,1185,熟語,わからない,不知道,have no idea,"I use ""have no idea"" in a simple sentence.",私は「have no idea」を使った簡単な文を勉強しました。,我学习了包含“have no idea”的简单句子。,
1186,hear from,eiken3,1186,熟語,～から便りがある,收到来信,hear from,"I use ""hear from"" in a simple sentence.",私は「hear from」を使った簡単な文を勉強しました。,我学习了包含“hear from”的简单句子。,
1187,hear of,eiken3,1187,熟語,～を耳にする,听说,hear of,"I use ""hear of"" in a simple sentence.",私は「hear of」を使った簡単な文を勉強しました。,我学习了包含“hear of”的简单句子。,
1188,help A with,eiken3,1188,熟語,Aの～を手伝う,帮助A,help A with,"I use ""help A with"" in a simple sentence.",私は「help A with」を使った簡単な文を勉強しました。,我学习了包含“help A with”的简单句子。,
1189,how far,eiken3,1189,熟語,どのくらい遠い,多远,how far,"I use ""how far"" in a simple sentence.",私は「how far」を使った簡単な文を勉強しました。,我学习了包含“how far”的简单句子。,
1190,hundreds of,eiken3,1190,熟語,何百もの,数百,hundreds of,"I use ""hundreds of"" in a simple sentence.",私は「hundreds of」を使った簡単な文を勉強しました。,我学习了包含“hundreds of”的简单句子。,
1191,in a circle,eiken3,1191,熟語,輪になって,围成圈,in a circle,"I use ""in a circle"" in a simple sentence.",私は「in a circle」を使った簡単な文を勉強しました。,我学习了包含“in a circle”的简单句子。,
1192,in a group,eiken3,1192,熟語,グループで,成组,in a group,"I use ""in a group"" in a simple sentence.",私は「in a group」を使った簡単な文を勉強しました。,我学习了包含“in a group”的简单句子。,
1193,away from,eiken3,1193,熟語,～から遠い,远离,away from,"I use ""away from"" in a simple sentence.",私は「away from」を使った簡単な文を勉強しました。,我学习了包含“away from”的简单句子。,
1194,far from,eiken3,1194,熟語,～から遠い,离...远,far from,"I use ""far from"" in a simple sentence.",私は「far from」を使った簡単な文を勉強しました。,我学习了包含“far from”的简单句子。,
1195,feel at home,eiken3,1195,熟語,くつろぐ,宾至如归,feel at home,"I use ""feel at home"" in a simple sentence.",私は「feel at home」を使った簡単な文を勉強しました。,我学习了包含“feel at home”的简单句子。,
1196,feel better,eiken3,1196,熟語,気分がよくなる,感觉好些,feel better,"I use ""feel better"" in a simple sentence.",私は「feel better」を使った簡単な文を勉強しました。,我学习了包含“feel better”的简单句子。,
1197,feel like doing,eiken3,1197,熟語,～したい気がする,想要做,feel like doing,"I use ""feel like doing"" in a simple sentence.",私は「feel like doing」を使った簡単な文を勉強しました。,我学习了包含“feel like doing”的简单句子。,
1198,feel sick,eiken3,1198,熟語,気分が悪い,不舒服,feel sick,"I use ""feel sick"" in a simple sentence.",私は「feel sick」を使った簡単な文を勉強しました。,我学习了包含“feel sick”的简单句子。,
1199,fill in,eiken3,1199,熟語,～に記入する,填写,fill in,"I use ""fill in"" in a simple sentence.",私は「fill in」を使った簡単な文を勉強しました。,我学习了包含“fill in”的简单句子。,
1200,fill up with,eiken3,1200,熟語,～でいっぱいになる,充满,fill up with,"I use ""fill up with"" in a simple sentence.",私は「fill up with」を使った簡単な文を勉強しました。,我学习了包含“fill up with”的简单句子。,
1201,for a minute,eiken3,1201,熟語,少しの間,一会儿,for a minute,"I use ""for a minute"" in a simple sentence.",私は「for a minute」を使った簡単な文を勉強しました。,我学习了包含“for a minute”的简单句子。,
1202,for a while,eiken3,1202,熟語,しばらくの間,一段时间,for a while,"I use ""for a while"" in a simple sentence.",私は「for a while」を使った簡単な文を勉強しました。,我学习了包含“for a while”的简单句子。,
1203,for fun,eiken3,1203,熟語,楽しみで,为了好玩,for fun,"I use ""for fun"" in a simple sentence.",私は「for fun」を使った簡単な文を勉強しました。,我学习了包含“for fun”的简单句子。,
1204,for oneself,eiken3,1204,熟語,自分のために,为自己,for oneself,"I use ""for oneself"" in a simple sentence.",私は「for oneself」を使った簡単な文を勉強しました。,我学习了包含“for oneself”的简单句子。,
1205,for some time,eiken3,1205,熟語,しばらく,一段时间,for some time,"I use ""for some time"" in a simple sentence.",私は「for some time」を使った簡単な文を勉強しました。,我学习了包含“for some time”的简单句子。,
1206,forget to do,eiken3,1206,熟語,～するのを忘れる,忘记做,forget to do,"I use ""forget to do"" in a simple sentence.",私は「forget to do」を使った簡単な文を勉強しました。,我学习了包含“forget to do”的简单句子。,
1207,from abroad,eiken3,1207,熟語,海外から,从国外,from abroad,"I use ""from abroad"" in a simple sentence.",私は「from abroad」を使った簡単な文を勉強しました。,我学习了包含“from abroad”的简单句子。,
1208,from beginning to end,eiken3,1208,熟語,始めから終わりまで,从头到尾,from beginning to end,"I use ""from beginning to end"" in a simple sentence.",私は「from beginning to end」を使った簡単な文を勉強しました。,我学习了包含“from beginning to end”的简单句子。,
1209,have a fight,eiken3,1209,熟語,けんかをする,吵架,have a fight,Eric and Frank had a fight at school.,エリックとフランクは学校でけんかをしました。,Eric和Frank在学校吵架了。,
1210,have a good memory,eiken3,1210,熟語,記憶力がよい,记忆力好,have a good memory,She has a good memory and remembers many names.,彼女は記憶力がよく、たくさんの名前を覚えています。,她记忆力很好，记得很多名字。,
1211,have a good sleep,eiken3,1211,熟語,ぐっすり眠る,睡得好,have a good sleep,I had a good sleep last night.,昨夜はぐっすり眠りました。,我昨晚睡得很好。,
1212,have a stomachache,eiken3,1212,熟語,腹痛がする,肚子痛,have a stomachache,"Kate had a stomachache, so she stayed home.",ケイトはお腹が痛かったので、学校を休みました。,Kate肚子痛，所以待在家里。,
1213,happen to do,eiken3,1213,熟語,たまたま〜する,碰巧做……,happen to meet,I happened to meet him in New York City.,私はニューヨーク市でたまたま彼に会いました。,我在纽约市碰巧遇见了他。,
1214,have a baby,eiken3,1214,熟語,赤ちゃんを産む,生宝宝,have a baby,My aunt is going to have a baby next month.,おばは来月赤ちゃんを産む予定です。,我阿姨下个月要生宝宝。,
1215,have a dream,eiken3,1215,熟語,夢を持つ,有梦想,have a dream,It is important to have a dream for the future.,将来の夢を持つことは大切です。,拥有未来的梦想很重要。,
1216,have a fight,eiken3,1216,熟語,けんかをする,吵架,have a fight,"Yesterday, Eric and Frank had a fight at school.",昨日、エリックとフランクは学校でけんかをしました。,昨天，Eric和Frank在学校吵架了。,
1217,have a talk,eiken3,1217,熟語,話をする,谈话,have a talk,The teacher wants to have a talk with Ken’s parents.,先生はケンの両親と話をしたがっています。,老师想和Ken的父母谈谈。,
1218,in spite of ~,eiken3,1218,熟語,〜にもかかわらず,尽管……,in spite of the rain,We decided to go out in spite of the bad weather.,悪天候にもかかわらず、私たちは外出することにしました。,尽管天气不好，我们还是决定出门。,
1219,in the end,eiken3,1219,熟語,最後に、結局,最后；结果,in the end,"In the end, he decided to go to college.",結局、彼は大学に進学することにしました。,最后，他决定上大学。,
1220,in those days,eiken3,1220,熟語,その当時は,当时,in those days,"In those days, there was no TV in my house.",その当時、私の家にはテレビはありませんでした。,那时，我家没有电视。,
1221,in time (for ~),eiken3,1221,熟語,〜に間に合って,及时赶上,in time for the train,Ben ran as fast as he could and was in time for the train.,ベンはできるだけ速く走って、電車に間に合いました。,Ben尽快跑，及时赶上了火车。,
1222,instead of ~,eiken3,1222,熟語,〜の代わりに,代替……,instead of onion soup,We ordered green salad instead of onion soup.,私たちはオニオンスープの代わりにグリーンサラダを頼みました。,我们点了绿色沙拉来代替洋葱汤。,
1223,introduce A to B,eiken3,1223,熟語,AをBに紹介する,把A介绍给B,introduce my friend to you,"First, let me introduce my friend Ben to all of you.",まず、私の友人のベンをみんなに紹介させてください。,首先，让我把朋友Ben介绍给大家。,
1224,keep in touch with ~,eiken3,1224,熟語,〜と連絡を取る,与……保持联系,keep in touch with James,I still keep in touch with James by e-mail.,私は今でもEメールでジェームズと連絡を取っています。,我现在仍通过电子邮件和James保持联系。,
1225,keep one's promise,eiken3,1225,熟語,約束を守る,遵守诺言,keep his promise,Andy always keeps his promise.,アンディはいつも約束を守ります。,Andy总是遵守诺言。,
1226,lie down,eiken3,1226,熟語,横になる,躺下,lie down for a while,"I was very tired, so I lay down for a while.",とても疲れていたので、しばらく横になりました。,我很累，所以躺了一会儿。,
1227,like this,eiken3,1227,熟語,このように,像这样,like this,You can switch on the computer like this.,こんなふうにコンピューターのスイッチを入れられますよ。,你可以像这样打开电脑。,
1228,little by little,eiken3,1228,熟語,少しずつ,一点一点地,little by little,The Earth is getting warmer little by little.,地球は少しずつ暖かくなっています。,地球正在一点点变暖。,
1229,look after ~,eiken3,1229,熟語,〜の世話をする,照顾……,look after my daughter,Could you look after my daughter while I go to the post office?,私が郵便局へ行く間、娘の面倒を見てもらえますか。,我去邮局时，你能照看一下我女儿吗？,
1230,look like ~,eiken3,1230,熟語,〜のように見える,看起来像……,look like the dress,It looks like the dress I want.,それは私がほしいドレスに似ています。,那看起来像我想要的裙子。,
1231,look out of ~,eiken3,1231,熟語,〜から外を見る,从……向外看,look out of the window,Mary looked out of the window and found it was snowing.,メアリーは窓から外を見ると、雪が降っていることに気づきました。,Mary向窗外看，发现正在下雪。,
1232,look up ~,eiken3,1232,熟語,辞書で単語などを調べる,查阅……,look up a word,Look up the word in your dictionary.,その単語を辞書で調べなさい。,请在字典里查这个单词。,
1233,lose one's way,eiken3,1233,熟語,道に迷う,迷路,lose my way,"Excuse me, I’ve lost my way. Where are we on this map?",すみません、道に迷いました。ここはこの地図でどこですか。,不好意思，我迷路了。这里在地图上的哪里？,
1234,make A from B,eiken3,1234,熟語,Bを原料にしてAを作る,用B制作A,make wine from grapes,Wine is made from grapes.,ワインはブドウから作られます。,葡萄酒是用葡萄做的。,
1235,make A into B,eiken3,1235,熟語,AをBに加工する,把A加工成B,make beans into chocolate,They make cacao beans into chocolate at this factory.,この工場で、彼らはカカオ豆をチョコレートにします。,他们在这家工厂把可可豆做成巧克力。,
1236,make A of B,eiken3,1236,熟語,Bを材料にしてAを作る,用B制作A,make chairs of wood,We bought two chairs that were made of wood.,私たちは木で作られた椅子を2脚買いました。,我们买了两把木制椅子。,
1237,make a mistake,eiken3,1237,熟語,間違える,犯错误,make a mistake,I made a few mistakes on my English writing test.,私は英作文のテストで少し間違えました。,我在英语写作测试中犯了几个错误。,
1238,make (a) noise,eiken3,1238,熟語,音を立てる、騒ぐ,发出声音；吵闹,make too much noise,"Children, you’re making too much noise.",子どもたち、騒ぎすぎです。,孩子们，你们太吵了。,
1239,make money,eiken3,1239,熟語,お金をもうける,赚钱,make a lot of money,He worked very hard and made a lot of money.,彼はとても熱心に働き、たくさんのお金をもうけました。,他努力工作，赚了很多钱。,
1240,name A after B,eiken3,1240,熟語,BにちなんでAに名前をつける,以B命名A,name a baby after his grandfather,The baby was named after his grandfather.,その赤ちゃんはおじいさんにちなんで名づけられました。,那个宝宝以祖父的名字命名。,
1241,neither A nor B,eiken3,1241,熟語,AもBも〜ない,A和B都不,neither Japanese nor Chinese,He can speak neither Japanese nor Chinese.,彼は日本語も中国語も話せません。,他既不会日语也不会中文。,
1242,next door,eiken3,1242,熟語,隣に,隔壁,live next door,The woman who lives next door is a doctor.,隣に住んでいる女性は医者です。,住在隔壁的女士是医生。,
1243,next time,eiken3,1243,熟語,次回は,下次,next time,I want to visit other cities next time.,次回はほかの都市も訪れたいです。,下次我想参观其他城市。,
1244,next to ~,eiken3,1244,熟語,〜の隣に,在……旁边,next to the Star Hotel,He works at the coffee shop next to the Star Hotel.,彼はスターホテルの隣のコーヒーショップで働いています。,他在星酒店旁边的咖啡店工作。,
1245,no more (名詞),eiken3,1245,熟語,これ以上の〜はない,不再有更多……,no more information,I have no more information about it.,それに関するこれ以上の情報はありません。,关于那件事没有更多信息。,
1246,not A but B,eiken3,1246,熟語,AではなくB,不是A而是B,not a doctor but a nurse,He is not a doctor but a nurse.,彼は医者ではなく看護師です。,他不是医生，而是护士。,
1247,on foot,eiken3,1247,熟語,歩いて,步行,go on foot,It took about an hour to get there on foot.,そこへ歩いて行くのに約1時間かかりました。,步行到那里花了大约一小时。,
1248,on the other hand,eiken3,1248,熟語,一方では,另一方面,on the other hand,"Ann likes playing sports. On the other hand, her sister likes reading.",アンはスポーツが好きです。一方、彼女の妹は読書が好きです。,Ann喜欢运动。另一方面，她妹妹喜欢读书。,
1249,on time,eiken3,1249,熟語,時間どおりに,准时,arrive on time,Her train arrived on time.,彼女の電車は時間どおりに到着しました。,她的火车准时到达了。,
1250,on vacation,eiken3,1250,熟語,休暇で,在休假,go on vacation,I came to Hawaii not on vacation but on business.,私は休暇ではなく仕事でハワイに来ました。,我不是来夏威夷度假，而是来出差。,
1251,"once a day [week, month]",eiken3,1251,熟語,1日1回、週1回、月1回,一天/周/月一次,once a day,He has to take this medicine once a day.,彼は1日に1回この薬を飲まなければなりません。,他必须每天吃一次这种药。,
1252,once more,eiken3,1252,熟語,もう一度,再一次,once more,He wanted to visit France once more before he died.,彼は亡くなる前にもう一度フランスへ行きたがっていました。,他去世前想再去一次法国。,
1253,one after another,eiken3,1253,熟語,次々に,一个接一个,one after another,The marathon runners entered the stadium one after another.,マラソン走者が次々にスタジアムに入ってきました。,马拉松选手一个接一个进入体育场。,
1254,one another,eiken3,1254,熟語,お互い,彼此,look at one another,They looked at one another with smiles.,彼らは笑顔でお互いを見ました。,他们微笑着看着彼此。,
1255,"One is ~, the other is ...",eiken3,1255,熟語,片方は〜、他方は…,一个是……另一个是……,one is red and the other is purple,She bought two bags. One is red and the other is purple.,彼女はバッグを二つ買いました。一つは赤で、もう一つは紫です。,她买了两个包。一个是红色，另一个是紫色。,
1256,plan to do,eiken3,1256,熟語,〜するつもりである,计划做……,plan to take cooking lessons,I’m planning to take cooking lessons during summer vacation.,私は夏休みに料理教室へ行くつもりです。,我计划暑假去上烹饪课。,
1257,prepare for ~,eiken3,1257,熟語,〜の準備をする,为……做准备,prepare for the party,We have to prepare for the Christmas party.,私たちはクリスマスパーティーの準備をしなければなりません。,我们必须为圣诞派对做准备。,
1258,right away,eiken3,1258,熟語,すぐに,立刻,right away,"Certainly, sir. I’ll bring it right away.",かしこまりました。すぐにお持ちします。,好的，先生。我马上拿来。,
1259,say goodbye,eiken3,1259,熟語,別れを告げる,告别,say goodbye,Carol left without saying goodbye.,キャロルは別れを告げずに去りました。,Carol没有告别就离开了。,
1260,say to oneself,eiken3,1260,熟語,ひとりごとを言う、心に思う,自言自语；心想,say to oneself,"It will soon be over, he said to himself.",「すぐに終わるさ」と彼は心の中で思いました。,他心里想：“很快就会结束的。”,
1261,see A off,eiken3,1261,熟語,Aを見送る,送别A,see her friend off,Nancy went to the airport to see her friend off.,ナンシーは友人を見送りに空港へ行きました。,Nancy去机场送别朋友。,
1262,show A around,eiken3,1262,熟語,Aに〜を案内する,带A参观,show me around town,My aunt showed me around her town.,おばは私に自分の町を案内してくれました。,阿姨带我参观了她的城镇。,
1263,sleep well,eiken3,1263,熟語,よく眠る,睡得好,sleep well,Did you sleep well last night?,昨夜はよく眠れましたか。,你昨晚睡得好吗？,
1264,slow down,eiken3,1264,熟語,速度を落とす,减速,slow down,The train slowed down and stopped.,電車は速度を落として止まりました。,火车减速并停了下来。,
1265,smile at ~,eiken3,1265,熟語,〜にほほえみかける,对……微笑,smile at me,The woman smiled at me and asked my name.,その女性は私にほほえんで、私の名前をたずねました。,那位女士对我微笑并问了我的名字。,
1266,so far,eiken3,1266,熟語,今までのところ,到目前为止,so far,We have won all our games so far this season.,今シーズン、私たちは今までのところ全勝しています。,本赛季到目前为止我们赢了所有比赛。,
1267,so many ~,eiken3,1267,熟語,非常にたくさんの〜,这么多……,so many questions,There are so many questions I want to ask him.,彼にたずねたい質問がとてもたくさんあります。,我有很多问题想问他。,
1268,some other time,eiken3,1268,熟語,いつか別のときに,改天,some other time,I’m sorry I can’t join you tonight. Maybe some other time.,今晩は参加できなくてごめんね。また今度ね。,抱歉今晚不能参加。改天吧。,
1269,something (形容詞) to do,eiken3,1269,熟語,何か〜するべきもの,有某事要做,something cold to drink,I’m thirsty. I want something cold to drink.,のどが渇いた。何か冷たい物が飲みたいです。,我渴了，想喝点冷的东西。,
1270,sound like ~,eiken3,1270,熟語,〜のように聞こえる,听起来像……,sound like a great idea,That sounds like a great idea.,それはすばらしい考えのように聞こえます。,那听起来是个好主意。,
1271,speak to ~,eiken3,1271,熟語,〜に話しかける,和……说话,speak to the woman,I spoke to the woman looking at the map.,私は地図を見ている女性に話しかけました。,我和正在看地图的女士说话了。,
1272,stand for ~,eiken3,1272,熟語,〜を表す、〜の略である,代表……,stand for United States,U.S. stands for United States.,U.S.はUnited Statesの略です。,U.S.代表United States。,
1273,start with ~,eiken3,1273,熟語,〜で始まる,以……开始,start with a speech,The festival started with the mayor’s speech.,お祭りは市長の演説で始まりました。,节日以市长的演讲开始。,
1274,stay with ~,eiken3,1274,熟語,〜のところに滞在する,和……住在一起,stay with my uncle,I’m going to stay with my uncle in Sydney next weekend.,来週末はシドニーのおじのところに滞在する予定です。,下周末我打算住在悉尼的叔叔家。,
1275,stop by,eiken3,1275,熟語,立ち寄る,顺便拜访,stop by on Sunday,"If you’re not busy on Sunday, please stop by.",日曜日に忙しくなければ、どうぞお立ち寄りください。,如果你周日不忙，请顺便来一下。,
1276,such as ~,eiken3,1276,熟語,たとえば〜のような,比如……,such as peaches and pears,Fruits such as peaches and pears are grown in Washington.,ワシントン州ではモモやナシのような果物が栽培されています。,华盛顿州种植桃子和梨等水果。,
1277,suffer from ~,eiken3,1277,熟語,〜に苦しむ,受……之苦,suffer from hunger,Many people in the world suffer from hunger.,世界では多くの人が飢えに苦しんでいます。,世界上很多人受饥饿之苦。,
1278,surf (on) the Internet,eiken3,1278,熟語,インターネットを見て回る,上网浏览,surf the Internet,Fred spends his free time surfing the Internet.,フレッドは空き時間をインターネットを見て回るのに使います。,Fred把空闲时间用来上网浏览。,
1279,take a break,eiken3,1279,熟語,休憩する,休息一下,take a break,Jim always takes a break at three in the afternoon.,ジムはいつも午後3時に休憩をとります。,Jim总是在下午三点休息。,
1280,take a look at ~,eiken3,1280,熟語,〜を見る,看一看……,take a look at it,"David, the DVD player doesn’t work. Can you take a look at it?",デイビッド、DVDプレーヤーが動かないの。見てくれない？,David，DVD播放器不能用。你能看一下吗？,
1281,take (a) medicine,eiken3,1281,熟語,薬を飲む,吃药,take this medicine,"If you take this medicine, you will feel better.",この薬を飲めば、気分がよくなりますよ。,如果你吃这种药，会感觉好些。,
1282,take a rest,eiken3,1282,熟語,休憩する,休息,take a rest,You look tired. Why don’t you take a rest?,疲れているようです。休憩してはどうですか。,你看起来很累。休息一下怎么样？,
1283,take a seat,eiken3,1283,熟語,席につく、座る,就座,take a seat,He told me to take a seat.,彼は私に席につくように言いました。,他让我坐下。,
1284,take a trip,eiken3,1284,熟語,旅行する,旅行,take a trip to the U.K.,I hear you will take a trip to the U.K.,イギリスへ旅行するそうですね。,听说你要去英国旅行。,
1285,take a walk,eiken3,1285,熟語,散歩する,散步,take a walk,Let’s take a walk this afternoon.,今日の午後に散歩に行きましょう。,今天下午去散步吧。,
1286,take out ~,eiken3,1286,熟語,〜を取り出す、連れ出す,取出；带出去,take out a picture,She took out a picture from her bag and showed it to me.,彼女はかばんから1枚の写真を取り出し、私に見せてくれました。,她从包里拿出一张照片给我看。,
1287,tell a lie,eiken3,1287,熟語,うそをつく,说谎,tell a lie,You mustn’t tell a lie.,うそをついてはいけません。,你不可以说谎。,
1288,than any other ~,eiken3,1288,熟語,ほかのどの〜よりも,比任何其他……都,stronger than any other team,Our soccer team is stronger than any other team in this city.,私たちのサッカーチームはこの市のほかのどのチームよりも強いです。,我们的足球队比这个城市其他任何队都强。,
1289,thank A for ~,eiken3,1289,熟語,Aに〜に対する礼を言う,感谢A的……,thank him for helping me,The man thanked me for helping him.,その男性は私が助けたことに対して私に礼を言いました。,那位男士感谢我帮助了他。,
1290,these days,eiken3,1290,熟語,最近,最近,these days,These days more people care about the environment.,最近、ますます多くの人が自然環境を気にかけています。,最近，越来越多的人关心环境。,
1291,this is one's first time to do,eiken3,1291,熟語,〜にとって初めてである,第一次做……,first time to come to this town,Is this your first time to come to this town?,この町に来るのは初めてですか。,这是你第一次来这个城镇吗？,
1292,this way,eiken3,1292,熟語,こちらの方向へ、このようにして,这边；这样,this way,Come this way. I’ll show you our office.,どうぞこちらへ。私たちのオフィスをお見せします。,请往这边。我带你看我们的办公室。,
1293,thousands of ~,eiken3,1293,熟語,何千もの〜、たくさんの〜,成千上万的……,thousands of visitors,Thousands of visitors travel to this castle every month.,何千もの観光客が毎月この城を訪れます。,每月有成千上万的游客参观这座城堡。,
1294,~ times as (形容詞) as A,eiken3,1294,熟語,Aの〜倍…な,是A的……倍,three times as large as that one,This park is three times as large as that one.,この公園はあの公園の3倍の広さがあります。,这个公园是那个公园的三倍大。,
1295,turn ~ over,eiken3,1295,熟語,〜を裏返す,翻转……,turn the card over,Could you please turn the card over and look at me?,カードを裏返して、私の方を見てください。,请把卡片翻过来，然后看我。,
1296,used to do,eiken3,1296,熟語,以前はよく〜した,过去常常做……,used to go to the park,I used to go to this park with my grandmother.,私は以前、祖母とこの公園に来ました。,我以前常和祖母来这个公园。,
1297,walk around,eiken3,1297,熟語,歩き回る、散歩する,四处走走,walk around the mall,"At the shopping mall, I just walked around and bought nothing.",ショッピングモールでは、ただ歩き回って何も買いませんでした。,在商场里，我只是四处走了走，什么也没买。,
1298,would love to do,eiken3,1298,熟語,ぜひ〜したい,很想做……,would love to stay longer,"We would love to stay longer, but we have to go.",もっと長くいたいのですが、行かなければなりません。,我们很想多待一会儿，但必须走了。,
1299,write down ~,eiken3,1299,熟語,〜を書きとめる,写下……,write down phone numbers,I wrote down their phone numbers on a piece of paper.,紙に彼らの電話番号を書きとめました。,我把他们的电话号码写在一张纸上。,
1300,write to ~,eiken3,1300,熟語,〜に手紙を書く,写信给……,write to her parents,Amy wrote to her parents every month while she was in Japan.,エイミーは日本にいる間、毎月両親に手紙を書きました。,Amy在日本期间每个月给父母写信。,
