No,English,Japanese,Example_English,Example_Japanese
1,let,〜させる,My parents let me use the computer.,両親は私にコンピューターを使わせてくれた。
2,decide,決める,We decided to study together.,私たちは一緒に勉強することに決めた。
3,train,訓練する,He trains every morning.,彼は毎朝トレーニングする。
4,travel,旅行する,I want to travel in Japan.,私は日本を旅行したい。
5,leave,去る,She left the room quietly.,彼女は静かに部屋を出た。
6,park,駐車する,Please park your car here.,ここに車を止めてください。
7,order,注文する,I ordered a pizza for dinner.,私は夕食にピザを注文した。
8,lose,失う,Don't lose your bag.,かばんをなくさないで。
9,move,動く,The box was too heavy to move.,その箱は重すぎて動かせなかった。
10,pay,払う,I paid for the ticket.,私は切符代を払った。
11,wait,待つ,Please wait for me.,私を待ってください。
12,change,変える,The weather changed quickly.,天気は急に変わった。
13,check,確認する,Please check your answer.,答えを確認してください。
14,build,建てる,They built a new school.,彼らは新しい学校を建てた。
15,worry,心配する,Don't worry about the test.,テストを心配しないで。
16,plant,植える,We planted flowers in the garden.,私たちは庭に花を植えた。
17,practice,練習する,She practices the piano every day.,彼女は毎日ピアノを練習する。
18,care,気にかける,He cares about his family.,彼は家族を大切にしている。
19,describe,説明する,Can you describe the picture?,その絵を説明できますか。
20,cost,費用がかかる,This bag costs 50 dollars.,このかばんは50ドルする。
21,turn,回る,Turn right at the corner.,角を右に曲がって。
22,join,参加する,I joined the soccer club.,私はサッカー部に入った。
23,grow,育つ,These trees grow fast.,これらの木は早く育つ。
24,save,節約する,I am saving money for a trip.,私は旅行のためにお金を貯めている。
25,win,勝つ,Our team won the game.,私たちのチームは試合に勝った。
26,pick,選ぶ,She picked a blue dress.,彼女は青いドレスを選んだ。
27,believe,信じる,I believe your story.,私はあなたの話を信じる。
28,report,報告する,He reported the accident.,彼は事故を報告した。
29,forget,忘れる,I forgot my homework.,私は宿題を忘れた。
30,hurt,傷つける,My leg hurts today.,今日は足が痛む。
31,borrow,借りる,Can I borrow your pen?,あなたのペンを借りてもいいですか。
32,surprise,驚かせる,The news surprised everyone.,その知らせはみんなを驚かせた。
33,volunteer,ボランティアをする,Many students volunteered at the event.,多くの学生がそのイベントでボランティアをした。
34,carry,運ぶ,He carried the boxes upstairs.,彼は箱を2階へ運んだ。
35,set,置く,She set the cup on the table.,彼女はテーブルにカップを置いた。
36,invite,招待する,We invited Tom to the party.,私たちはトムをパーティーに招待した。
37,happen,起こる,Something strange happened yesterday.,昨日変なことが起こった。
38,choose,選ぶ,You can choose any color.,どの色でも選べます。
39,guide,案内する,He guided us through the city.,彼は私たちを街で案内した。
40,arrive,到着する,The train arrived on time.,電車は時間通りに到着した。
41,offer,申し出る,She offered me some tea.,彼女は私にお茶をすすめた。
42,remember,覚えている,I remember his name.,私は彼の名前を覚えている。
43,cancel,キャンセルする,They canceled the meeting.,彼らは会議を中止した。
44,repair,修理する,My father repaired the bike.,父は自転車を修理した。
45,excuse,言い訳,That is not a good excuse.,それは良い言い訳ではない。
46,internet,インターネット,I use the internet every day.,私は毎日インターネットを使う。
47,idea,考え,That's a great idea.,それは素晴らしい考えだ。
48,information,情報,We need more information.,私たちはもっと情報が必要だ。
49,honey,はちみつ,I put honey in my tea.,私はお茶にはちみつを入れた。
50,fire,火,The fire was very dangerous.,その火事はとても危険だった。
51,vegetable,野菜,You should eat more green vegetables.,もっと緑黄色野菜を食べるべきだ。
52,situation,状況,The economic situation is improving.,経済状況は改善している。
53,passage,一節,Read the following passage and answer the questions.,次の文章を読んで、問いに答えなさい。
54,event,出来事,The Olympic Games is a major sporting event.,オリンピックは大きなスポーツイベントだ。
55,ma'am,奥様,"Can I help you, ma'am?",奥様、何かお手伝いしましょうか？
56,avocado,アボカド,I put some avocado in the salad.,サラダにアボカドを入れた。
57,type,型,What type of music do you like?,どんな種類の音楽が好きですか？
58,bakery,パン屋,The bakery smells of fresh bread.,そのパン屋は焼きたてパンの匂いがする。
59,future,将来,I want to be a doctor in the future.,将来は医者になりたい。
60,exercise,運動,Walking is good exercise for everyone.,ウォーキングは誰にとっても良い運動だ。
61,bottle,ビン,Can I have a bottle of water?,水をボトルで一本もらえますか？
62,sign,合図,The red light is a sign of danger.,赤信号は危険のサインだ。
63,service,サービス,The service in this restaurant is excellent.,このレストランのサービスは素晴らしい。
64,garbage,生ゴミ,Please take out the garbage tonight.,今夜、ゴミを出しておいてください。
65,customer,顧客,The store was full of customers.,その店は客でいっぱいだった。
66,business,職業,He is away on business this week.,彼は今週、出張で不在だ。
67,trouble,トラブル,I'm sorry to cause you so much trouble.,お手数をおかけして申し訳ありません。
68,tour,周遊旅行,We went on a walking tour of the city.,私たちは街のウォーキングツアーに参加した。
69,race,競走,He won the 100-meter race.,彼は100メートル走で優勝した。
70,environment,环境,We must protect the natural environment.,私たちは自然環境を守らなければならない。
71,activity,活動,There are many outdoor activities in summer.,夏には多くのアウトドア活動がある。
72,other,他の,Do you have any other questions?,他に質問はありますか？
73,different,違った,My idea is different from yours.,私の考えはあなたのとは違う。
74,important,重要な,It is important to sleep well.,よく眠ることは重要だ。
75,special,特別な,Today is a very special day for me.,今日は私にとってとても特別な日だ。
76,enough,十分な,Is there enough food for everyone?,全員分の十分な食べ物はありますか？
77,expensive,高価な,This watch is too expensive for me.,この時計は私には高価すぎる。
78,difficult,困難な,The math test was very difficult.,数学のテストはとても難しかった。
79,few,ほとんど〜ない,Very few people live to be 100.,100歳まで生きる人はごくわずかだ。
80,another,別の,Would you like another cup of tea?,お茶をもう一杯いかがですか？
81,close,接近した,The station is close to my house.,駅は私の家に近い。
82,own,自分自身の,I want to have my own room.,自分の部屋が欲しい。
83,local,地元の,You should try the local food.,地元の食べ物を試してみるべきだ。
84,delicious,おいしい,This cake is absolutely delicious.,このケーキは本当に美味しい。
85,foreign,外国の,I like learning foreign languages.,外国語を学ぶのが好きだ。
86,however,しかしながら,"He was tired; however, he kept working.",彼は疲れていたが、仕事を続けた。
87,even,~でさえ,Even a child can understand this.,子供でさえこれを理解できる。
88,online,オンラインで,I usually buy books online.,私はたいていオンラインで本を買う。
89,outside,屋外に,"It's cold outside, so wear a coat.",外は寒いので、コートを着なさい。
90,instead,その代わりに,I'll have coffee instead of tea.,お茶の代わりにコーヒーをいただきます。
91,far,遠くに,How far is it from here to the airport?,ここから空港までどのくらいの距離がありますか？
92,probably,たぶん,It will probably rain tomorrow.,明日はおそらく雨が降るだろう。
93,though,でも,"It was expensive, though I bought it.",高かったけれども、私はそれを買った。
94,actually,実際に,What did he actually say?,彼は実際には何と言ったのですか？
95,later,あとで,See you later!,またあとで！
96,yet,もう/まだ,Have you finished your homework yet?,もう宿題は終わりましたか？
97,quickly,すぐに,Come here quickly!,早くここに来なさい！
98,inside,屋内に,Let's go inside the house.,家の中に入りましょう。
99,anyway,とにかく,"It's raining, but I'm going anyway.",雨が降っているが、とにかく行くつもりだ。
100,while,~している間に,Please wait here while I call him.,私が彼を呼んでいる間、ここで待っていてください。
101,taste,~の味がする,This soup tastes really good.,このスープは本当に良い味がする。
102,fix,を修理する,My father fixed my bicycle.,父が私の自転車を修理してくれた。
103,hold,を開催する,They will hold a meeting tomorrow.,彼らは明日、会議を開催する。
104,collect,を集める,My hobby is collecting stamps.,私の趣味は切手を集めることだ。
105,paint,にペンキを塗る,We painted the wall white.,私たちは壁を白く塗った。
106,copy,の写しをとる,Please copy this document for me.,この書類のコピーをとってください。
107,guess,を推測する,Can you guess what's in the box?,箱の中に何が入っているか推測できる？
108,create,を創造する,She created a beautiful work of art.,彼女は美しい芸術作品を創造した。
109,allow,~が･･･するのを許す,My parents allowed me to go abroad.,両親は私が海外へ行くのを許してくれた。
110,return,帰る,He returned home late last night.,彼は昨夜遅くに家に帰った。
111,suggest,を提案する,I suggested going to the park.,私は公園に行くことを提案した。
112,relax,くつろぐ,I like to relax on the sofa.,私はソファーでくつろぐのが好きだ。
113,add,を加える,Add some salt to the soup.,スープに塩を少し加えてください。
114,reserve,を予約する,I'd like to reserve a table for two.,2人用の席を予約したいのですが。
115,design,をデザインする,She designs clothes for children.,彼女は子供服をデザインしている。
116,follow,についていく,"Follow me, and I'll show you the way.",私についてきて。道を案内するから。
117,attract,の心をとらえる,The beautiful garden attracts many visitors.,その美しい庭園は多くの訪問者を惹きつける。
118,pass,に合格する,I passed the English exam.,私は英語の試験に合格した。
119,miss,~がいなくてさびしく思う,I will miss you very much.,あなたがいなくてとても寂しくなるだろう。
120,recommend,を推薦する,Can you recommend a good restaurant?,良いレストランを推薦してくれますか？
121,serve,を出す,They serve breakfast from 7 a.m.,朝食は午前7時から出される。
122,rent,を借りる,We rented a car for the weekend.,私たちは週末に車を借りた。
123,wake,目を覚ます,I usually wake up at six.,私はたいてい6時に目が覚める。
124,bake,を焼く,My mother is baking an apple pie.,母がアップルパイを焼いている。
125,prepare,を準備する,He is preparing for the speech.,彼はスピーチの準備をしている。
126,damage,に損傷を与える,The storm damaged many houses.,嵐が多くの家に損傷を与えた。
127,bear,を我慢する,I can't bear this noise any longer.,これ以上この騒音には我慢できない。
128,seem,~のようだ,He seems to be very happy today.,彼は今日、とても幸せそうだ。
129,explain,を説明する,Can you explain the rule again?,もう一度その規則を説明してくれますか？
130,cause,を引き起こす,Smoking causes many health problems.,喫煙は多くの健康問題を引き起こす。
131,fill,を満たす,She filled the bottle with water.,彼女はボトルを水で満たした。
132,kill,を殺す,Many people were killed in the war.,多くの人が戦争で殺された。
133,dress,服を着る,"Get dressed quickly, we're leaving!",早く服を着て。出発するわよ！
134,throw,を投げる,Don't throw stones at the dog.,犬に石を投げないでください。
135,notice,に気づく,I didn't notice that you were there.,あなたがそこにいることに気づかなかった。
136,result,結果,What was the result of the game?,試合の結果はどうだった？
137,front,最前部,There is a tree in front of the house.,家の前に木がある。
138,recipe,調理法,This is a simple recipe for curry.,これはカレーの簡単な調理法だ。
139,area,地域,This area is famous for its tea.,この地域はお茶で有名だ。
140,visitor,訪問者,We have a visitor from London.,ロンドンからの訪問者がいる。
141,clothes,衣服,I need to buy some new clothes.,新しい服を買う必要がある。
142,plastic,プラスチック,These bags are made of plastic.,これらのバッグはプラスチック製だ。
143,chance,機会,This is your last chance.,これがあなたの最後の機会だ。
144,sale,販売,Those shoes are on sale now.,それらの靴は今、セール中だ。
145,skill,技術,Computers require special skills.,コンピューターには特別な技術が必要だ。
146,presentation,発表,I have to give a presentation tomorrow.,明日、発表をしなければならない。
147,flight,定期航空便,My flight leaves at ten tonight.,私の便は今夜10時に出発する。
148,wheel,車輪,A car has four wheels.,車には4つの車輪がある。
149,product,製品,This company makes electronic products.,この会社は電子製品を作っている。
150,meal,食事,Thank you for the delicious meal.,美味しい食事をありがとう。
151,seed,種,I planted some flower seeds.,花の種をいくつか植えた。
152,land,陸地,We reached land after three days.,3日後に陸地に到着した。
153,medicine,薬,Take this medicine after meals.,食後にこの薬を飲んでください。
154,reservation,予約,I have a reservation at the hotel.,ホテルの予約をしています。
155,space,宇宙,I want to travel to space someday.,いつか宇宙を旅行したい。
156,apartment,アパート,My sister lives in an apartment.,姉はアパートに住んでいる。
157,insect,虫,There are many kinds of insects here.,ここにはたくさんの種類の虫がいる。
158,mall,ショッピングモール,Let's go to the shopping mall.,ショッピングモールへ行こう。
159,smartphone,スマートフォン,I use my smartphone every day.,私は毎日スマートフォンを使う。
160,grade,成績,He got a good grade in math.,彼は数学で良い成績をとった。
161,police,警察,Call the police immediately!,すぐに警察を呼んで！
162,prize,賞,She won first prize in the contest.,彼女はコンテストで1等賞をとった。
163,market,市場,I buy fresh vegetables at the market.,市場で新鮮な野菜を買う。
164,fair,見本市,We visited the job fair.,私たちは就職見本市を訪れた。
165,section,欄,Read the sports section of the paper.,新聞のスポーツ欄を読みなさい。
166,price,価格,The price of gasoline is rising.,ガソリンの価格が上がっている。
167,fact,事実,It is a well-known fact.,それはよく知られた事実だ。
168,department,部,He works in the sales department.,彼は営業部で働いている。
169,rule,規則,You must follow the school rules.,校則に従わなければならない。
170,nature,自然,We should enjoy the beauty of nature.,自然の美しさを楽しむべきだ。
171,island,島,Japan is an island country.,日本は島国だ。
172,goods,商品,This shop sells sports goods.,この店はスポーツ用品を売っている。
173,firefighter,消防隊員,He wants to be a firefighter.,彼は消防隊員になりたいと思っている。
174,person,人,He is a very kind person.,彼はとても親切な人だ。
175,husband,夫,My husband works in a bank.,私の夫は銀行で働いている。
176,item,品目,There are ten items on the list.,リストには10の品目がある。
177,neighbor,隣人,My neighbors are very friendly.,私の隣人たちはとてもフレンドリーだ。
178,orchestra,オーケストラ,I play the violin in an orchestra.,私はオーケストラでバイオリンを弾いている。
179,gate,門,Please close the gate.,門を閉めてください。
180,healthy,健康に良い,Eating fruit is healthy for you.,果物を食べることは健康に良い。
181,TRUE,本当の,Is it true that you are leaving?,あなたが去るというのは本当ですか？
182,afraid,~ではないかと心配して,I'm afraid it will rain tomorrow.,明日は雨ではないかと心配だ。
183,dangerous,危険な,It is dangerous to walk alone at night.,夜に一人で歩くのは危険だ。
184,wild,野生の,We saw wild animals in the forest.,森で野生の動物を見た。
185,safe,安全な,Is this water safe to drink?,この水は飲んでも安全ですか？
186,past,過去の,"In the past, there was a park here.",過去には、ここに公園があった。
187,available,入手できる,Is this ticket still available?,このチケットはまだ入手できますか？
188,successful,成功した,He is a successful businessman.,彼は成功した実業家だ。
189,perfect,完全な,The weather was perfect for a picnic.,ピクニックには完璧な天気だった。
190,less,より少なく,You should spend less money.,お金をもっと少なく使うべきだ。
191,easily,簡単に,You can do it easily.,あなたなら簡単にできる。
192,else,その他に,Anything else I can do for you?,他に何かできることはありますか？
193,abroad,海外で,My brother is studying abroad.,弟は海外で勉強している。
194,recently,最近,I haven't seen her recently.,最近、彼女を見ていない。
195,nowadays,今日(こんにち)では,"Nowadays, many people use computers.",今日では、多くの人がコンピューターを使っている。
196,somewhere,どこかに,I've seen him somewhere before.,以前どこかで彼を見たことがある。
197,forward,先へ,Move forward one step.,一歩先へ進みなさい。
198,although,~だけれども,"Although it was raining, he went out.",雨だったけれども、彼は出かけた。
199,without,~なしで,I can't live without water.,水なしでは生きられない。
200,through,~を通って,The river flows through the city.,川が街を通って流れている。
201,exchange,を交換する,I exchanged my yen for dollars at the bank.,私は銀行で円をドルに交換した。
202,drop,を落とす,Be careful not to drop the glasses.,グラスを落とさないように気をつけて。
203,climb,を登る,He climbed the mountain in five hours.,彼は5時間でその山を登った。
204,smell,~のにおいがする,The flowers smell very sweet.,その花はとても甘いにおいがする。
205,date,とデートする,I am dating him since last summer.,私は去年の夏から彼とデートしている。
206,introduce,を紹介する,Let me introduce my friend to you.,私の友人をあなたに紹介させてください。
207,recycle,を再生利用する,We should recycle plastic bottles.,私たちはペットボトルを再生利用すべきだ。
208,perform,を上演する,They performed a play on the stage.,彼らはステージで劇を上演した。
209,wish,を愿う,I wish you a happy birthday.,あなたの誕生日が幸せであることを願っています。
210,marry,と結婚する,She married a famous doctor.,彼女は有名な医者と結婚した。
211,express,を表現する,It is difficult to express my feelings.,自分の気持ちを表現するのは難しい。
212,hide,隠れる,The cat hid under the sofa.,猫はソファーの下に隠れた。
213,protect,を保護する,We must protect endangered animals.,私たちは絶滅危惧種の動物を保護しなければならない。
214,receive,を受け取る,I received a letter from my pen pal.,私はペンフレンドから手紙を受け取った。
215,steal,を盗む,Someone stole my bicycle yesterday.,昨日、誰かが私の自転車を盗んだ。
216,interview,と面接する,They interviewed him for the job.,彼らは仕事のために彼と面接した。
217,feed,~に食べ物を与える,Don't forget to feed the dog.,犬に食べ物を与えるのを忘れないで。
218,spread,広がる,The news spread quickly through the town.,そのニュースは町中にすぐに広がった。
219,deliver,を配達する,A man delivered a pizza to our house.,男の人が家にピザを配達してくれた。
220,search,を探す,I searched for my keys everywhere.,私はいたるところで鍵を探した。
221,bite,を噛む,The dog bit me on the leg.,犬が私の脚を噛んだ。
222,trade,を交換する,I traded my cards for his.,私は自分のカードを彼のものと交換した。
223,announce,を発表する,The company announced a new product.,その会社は新製品を発表した。
224,produce,を生産する,This factory produces car parts.,この工場は車の部品を生産している。
225,share,を共有する,I shared the cake with my brother.,私は兄とケーキを共有した。
226,draw,を描く,She is drawing a picture of a cat.,彼女は猫の絵を描いている。
227,wood,木材,This desk is made of wood.,この机は木材でできている。
228,reason,理由,Tell me the reason why you were late.,遅刻した理由を教えてください。
229,experience,経験,He has a lot of experience in teaching.,彼は教える経験が豊富だ。
230,bill,請求书,"Can I have the bill, please?",請求書をいただけますか？
231,discount,割引,Students can get a 10% discount.,学生は10％の割引を受けることができる。
232,form,用紙,Please fill out this application form.,この申込用紙に記入してください。
233,owner,所有者,Who is the owner of this car?,この車の所有者は誰ですか？
234,side,片側,Walk on the left side of the road.,道路の左側を歩きなさい。
235,community,地域社会,We should help our local community.,私たちは地域の社会を助けるべきだ。
236,guest,客,We have a guest for dinner tonight.,今夜は夕食に客が来る。
237,performance,演技,Her performance on the piano was great.,彼女のピアノの演技（演奏）は素晴らしかった。
238,tool,道具,A hammer is a useful tool.,ハンマーは便利な道具だ。
239,century,1世纪,We are living in the 21st century.,私たちは21世紀に生きている。
240,dessert,デザート,What would you like for dessert?,デザートは何がいいですか？
241,poem,诗,He wrote a poem for his mother.,彼は母親のために詩を書いた。
242,government,政府,The government decided to build a school.,政府は学校を建てることを決めた。
243,novel,小説,I am reading an interesting novel.,私は面白い小説を読んでいる。
244,professor,教授,He is a professor at Tokyo University.,彼は東京大学の教授だ。
245,project,計画,We are working on a new project.,私たちは新しい計画（プロジェクト）に取り組んでいる。
246,charity,慈善事業,She gave some money to charity.,彼女は慈善事業にお金を寄付した。
247,million,100万,More than a million people live here.,100万人以上の人がここに住んでいる。
248,instrument,器具,Do you play any musical instruments?,何か楽器（器具）を演奏しますか？
249,mistake,間違い,I made a mistake in the math test.,数学のテストで間違いをした。
250,earth,地球,The earth goes around the sun.,地球は太陽の周りを回っている。
251,address,住所,Please write your name and address here.,ここに名前と住所を書いてください。
252,co-worker,同僚,I went to lunch with my co-workers.,私は同僚たちとランチに行った。
253,cleaner,クリーニング店,I took my suit to the cleaners.,スーツをクリーニング店に持っていった。
254,match,試合,I'm looking forward to the soccer match.,サッカーの試合を楽しみにしている。
255,fan,ファン,He is a big fan of baseball.,彼は野球の大ファンだ。
256,grandparent,祖父/祖母,I visited my grandparents last weekend.,先週末、祖父母を訪ねた。
257,president,大統領,He was elected president of the club.,彼はクラブの会長（大統領）に選ばれた。
258,wallpaper,壁纸,We changed the wallpaper in the room.,部屋の壁紙を変えた。
259,health,健康なこと,Smoking is bad for your health.,喫煙は健康に悪い。
260,Europe,ヨーロッパ,I've never been to Europe before.,ヨーロッパへは一度も行ったことがない。
261,technology,科学技術,Modern technology is changing our lives.,現代の科学技術は私たちの生活を変えている。
262,suit,スーツ,He wore a black suit to the wedding.,彼は結婚式に黒いスーツを着ていった。
263,note,覚え書き,I wrote a short note to my teacher.,先生に短い覚え書きを書いた。
264,score,得点,What was the final score of the game?,試合の最終得点はどうだった？
265,gift,才能,She has a gift for playing the piano.,彼女にはピアノを弾く才能がある。
266,rest,休み,You should take a rest for a while.,しばらく休みをとるべきだ。
267,view,眺め,The view from the top is beautiful.,頂上からの眺めは美しい。
268,crowd,群集,There was a big crowd in the street.,通りには大きな群集がいた。
269,jazz,ジャズ,I like listening to jazz music.,私はジャズを聴くのが好きだ。
270,direction,方向,Which direction should I go?,どちらの方向へ行くべきですか？
271,topic,話題,What is the topic of your speech?,スピーチの話題は何ですか？
272,wallet,財布,I lost my wallet on the train.,電車の中で財布を失くした。
273,piece,1片,Would you like a piece of cake?,ケーキを1片（1個）いかがですか？
274,package,小さな包み,A package arrived for you this morning.,今朝、あなたに小さな包みが届いた。
275,teammate,チームメート,He is one of my teammates.,彼は私のチームメートの一人だ。
276,playground,遊び場,The children are in the playground.,子供たちは遊び場にいる。
277,planet,惑星,Mars is called the red planet.,火星は赤い惑星と呼ばれている。
278,salon,高級店,She went to a hair salon yesterday.,彼女は昨日ヘアサロン（高級店）へ行った。
279,accident,事故,There was a car accident on this road.,この道路で交通事故があった。
280,actor,俳優,He is a very popular actor in Japan.,彼は日本でとても人気のある俳優だ。
281,traditional,伝統的な,We like traditional Japanese food.,私たちは伝統的な日本料理が好きだ。
282,Russian,ロシアの,She can speak Russian very well.,彼女はロシア語をとても上手に話せる。
283,human,人間の,To err is human.,過ちを犯すのは人間（の常）だ。
284,cheap,安い,This shop sells very cheap clothes.,この店はとても安い服を売っている。
285,either,どちらか一方の,You can take either bus.,どちらか一方のバスに乗ればよい。
286,professional,プロの,He is a professional golf player.,彼はプロのゴルフ選手だ。
287,similar,類似した,My shoes are similar to yours.,私の靴はあなたのと類似している。
288,part-time,パートタイムの,I have a part-time job at a cafe.,私はカフェでパートタイムの仕事をしている。
289,whole,全体の,He ate the whole pizza by himself.,彼は一人でピザ全体を食べてしまった。
290,frozen,凍った,I bought some frozen food.,私は冷凍（凍った）食品を買った。
291,central,中心部の,The station is in the central part of the city.,駅は市の中心部にある。
292,loud,大きい,Don't talk in such a loud voice.,そんなに大きい声で話さないで。
293,magic,奇術の,He showed us some magic tricks.,彼は私たちにいくつか奇術を見せてくれた。
294,pretty,なかなか,The exam was pretty difficult.,試験はなかなか難しかった。
295,certainly,確かに,I will certainly help you.,私は確かにあなたを助けます。
296,finally,ついに,"Finally, the rain stopped.",ついに雨が止んだ。
297,alone,1人で,I don't like being alone.,私は1人でいるのが好きではない。
298,therefore,それゆえに,"I was sick, and therefore I stayed home.",私は病気だった。それゆえに家にいた。
299,lately,最近,I've been very busy lately.,最近とても忙しい。
300,might,もしかすると〜かもしれない,It might rain in the afternoon.,午後はもしかすると雨が降るかもしれない。
301,stand,を我慢する,I can't stand this hot weather.,この暑い天気には我慢できない。 
302,reach,に到着する,We reached the station on time.,私たちは時間通りに駅に到着した。 
303,promise,を約束する,He promised to call me tonight.,彼は今夜電話すると約束した。 
304,film,を撮影する,They are filming a movie in the park.,彼らは公園で映画を撮影している。 
305,fit,~にサイズがぴったり合う,These shoes fit me perfectly.,この靴は私にサイズがぴったり合う。 
306,celebrate,を祝う,We celebrated her birthday at a restaurant.,私たちはレストランで彼女の誕生日を祝った。 
307,stretch,ストレッチをする,You should stretch before you run.,走る前にストレッチをするべきだ。 
308,cover,を覆う,Snow covered the whole town.,雪が町全体を覆った。 
309,develop,を開発する,The company is developing a new app.,その会社は新しいアプリを開発している。 
310,solve,を解決する,I finally solved the difficult math problem.,ついに難しい数学の問題を解決した。 
311,discover,を発見する,Columbus discovered America in 1492.,コロンブスは1492年にアメリカを発見した。 
312,continue,を続ける,Please continue reading the story.,物語を読み続けてください。 
313,face,に直面する,We are facing a serious problem.,私たちは深刻な問題に直面している。 
314,shape,を形作る,She shaped the clay into a bowl.,彼女は粘土をボウルの形に形作った。 
315,print,を印刷する,I need to print ten copies of this paper.,この書類を10部印刷する必要がある。 
316,lend,貸す,Can you lend me your umbrella?,傘を貸してくれますか？ 
317,realize,を実現する,He finally realized his dream of becoming a pilot.,彼はついにパイロットになるという夢を実現した。 
318,wonder,~かなと思う,I wonder why she didn't come.,なぜ彼女は来なかったのかなと思う。 
319,die,死ぬ,Many people died in the accident.,その事故で多くの人が死んだ。 
320,pull,を引く,Pull the door to open it.,ドアを開けるために引いてください。 
321,push,を押す,Don't push the button yet.,まだボタンを押さないでください。 
322,shake,を振る,Shake the bottle before drinking.,飲む前にボトルを振ってください。 
323,agree,賛成する,I agree with your opinion.,私はあなたの意見に賛成する。 
324,mean,を意味する,What does this word mean?,この単語は何を意味しますか？ 
325,mind,を気にする,Do you mind if I open the window?,窓を開けても気にしませんか？（いいですか？） 
326,improve,を改良する,He is trying to improve his English.,彼は英語を改良（向上）させようとしている。 
327,include,を含む,The price includes breakfast.,価格には朝食が含まれている。 
328,enter,に入る,Please enter the room quietly.,静かに部屋に入ってください。 
329,communicate,意思を通じ合う,It is important to communicate with each other.,お互いに意思を通じ合うことは重要だ。 
330,tourist,観光客,Kyoto is always full of tourists.,京都はいつも観光客でいっぱいだ。 
331,center,中心,The museum is in the center of the city.,博物館は市の中心にある。 
332,attention,注目,Please pay attention to what I say.,私の言うことに注目（注意）してください。 
333,couple,カップル,I saw a young couple in the park.,公園で若いカップルを見た。 
334,license,免許証,You need a license to drive a car.,車を運転するには免許証が必要だ。 
335,kid,子ども,The kids are playing in the garden.,子どもたちが庭で遊んでいる。 
336,desert,砂漠,Sahara is the largest desert in the world.,サハラは世界で最大の砂漠だ。 
337,invention,発明品,The telephone was a great invention.,電話は素晴らしい発明品だった。 
338,chemistry,化学,She is interested in chemistry.,彼女は化学に興味がある。 
339,neighborhood,近所,There is a new park in our neighborhood.,私たちの近所に新しい公園がある。 
340,officer,警官,A police officer helped me find the way.,警官が道を探すのを助けてくれた。 
341,moment,瞬間,Please wait for a moment.,少しの間（瞬間）、待ってください。 
342,rock,岩,He climbed up the big rock.,彼は大きな岩を登った。 
343,cart,ショッピングカート,Put the groceries in the cart.,ショッピングカートに食料品を入れなさい。 
344,grass,芝生,Don't walk on the grass.,芝生の上を歩かないでください。 
345,traffic,交通量,There is a lot of traffic this morning.,今朝は交通量が多い。 
346,staff,スタッフ,The hotel staff were very kind.,ホテルのスタッフはとても親切だった。 
347,snake,ヘビ,I'm afraid of snakes.,私はヘビが怖い。 
348,grocery,食糧雑貨,I went to the grocery store to buy milk.,牛乳を買いに食糧雑貨店へ行った。 
349,fee,料金,You have to pay an entrance fee.,入場料金を払わなければならない。 
350,clothing,衣服,I bought some winter clothing.,冬用の衣服をいくつか買った。 
351,training,訓練,He is undergoing hard training.,彼は厳しい訓練を受けている。 
352,yoga,ヨガ,My mother does yoga every morning.,母は毎朝ヨガをしている。 
353,truck,トラック,A big truck is parked on the street.,大きなトラックが通りに停まっている。 
354,forest,森林地帯,We enjoyed walking through the forest.,私たちは森林地帯を歩くのを楽しんだ。 
355,flavor,味,This ice cream has a strawberry flavor.,このアイスクリームはイチゴの味がする。 
356,weight,重さ,He is worried about his weight.,彼は自分の重さ（体重）を気にしている。 
357,subway,地下鉄,I go to school by subway.,私は地下鉄で学校へ行く。 
358,discovery,発見,The discovery of fire changed human history.,火の発見は人類の歴史を変えた。 
359,oven,オーブン,She baked the cake in the oven.,彼女はオーブンでケーキを焼いた。 
360,ID,身分証明書,You need to show your ID card.,身分証明書を提示する必要がある。 
361,beginner,初心者,This class is for beginners.,このクラスは初心者向けだ。 
362,cough,せき,I have a bad cough today.,今日はひどいせきが出る。 
363,firework,花火,We watched the fireworks at the festival.,私たちは祭りで花火を見た。 
364,flag,旗,He was waving a small flag.,彼は小さな旗を振っていた。 
365,housework,家事,My father helps with the housework.,父は家事を手伝ってくれる。 
366,ant,アリ,Look at the ants on the ground.,地面のアリを見なさい。 
367,ground,地面,I found a coin on the ground.,地面でコインを見つけた。 
368,schedule,予定表,I have a busy schedule this week.,今週は忙しい予定表（スケジュール）だ。 
369,noise,騒音,Please don't make so much noise.,そんなに大きな騒音を立てないでください。 
370,storm,嵐,A big storm is coming tonight.,今夜、大きな嵐がやってくる。 
371,shelf,棚,Put the books back on the shelf.,本を棚に戻しなさい。 
372,elevator,エレベーター,Let's take the elevator to the fifth floor.,5階までエレベーターで行こう。 
373,Pacific,太平洋沿岸の,We visited a city on the Pacific coast.,私たちは太平洋沿岸の街を訪れた。 
374,careful,注意深い,Be careful when you cross the street.,通りを渡る時は注意深くしなさい。 
375,public,公共の,Smoking is not allowed in public places.,公共の場での喫煙は許されていない。 
376,British,英国の,He speaks with a British accent.,彼は英国のアクセントで話す。 
377,friendly,友好的な,The local people were very friendly.,地元の人々はとても友好的（親切）だった。 
378,native,生まれた土地の,English is his native language.,英語は彼の生まれた土地の言葉（母国語）だ。 
379,excellent,優れた,This is an excellent idea.,これは優れたアイデアだ。 
380,nearby,近くの,We ate lunch at a nearby cafe.,私たちは近くのカフェで昼食を食べた。 
381,huge,巨大な,They live in a huge house.,彼らは巨大な家に住んでいる。 
382,main,主な,What is the main reason for your choice?,あなたの選択の主な理由は何ですか？ 
383,fresh,新鮮な,I like to eat fresh vegetables.,私は新鮮な野菜を食べるのが好きだ。 
384,usual,いつもの,I'll have my usual coffee.,いつものコーヒーをいただきます。 
385,boring,退屈な,The movie was very boring.,その映画はとても退屈だった。 
386,colorful,色彩豊かな,She wore a colorful dress.,彼女は色彩豊かなドレスを着ていた。 
387,scary,恐ろしい,I watched a scary movie last night.,昨夜、恐ろしい映画を見た。 
388,spicy,ピリッとした,I like spicy food like curry.,私はカレーのようなピリッとした（辛い）料理が好きだ。 
389,nervous,紧张している,I feel nervous before the exam.,試験の前は緊張している。 
390,convenient,便利な,Smartphones are very convenient.,スマートフォンはとても便利だ。 
391,wide,幅が広い,The river is very wide here.,ここでは川の幅がとても広い。 
392,elementary,初等教育の,He is an elementary school student.,彼は初等教育（小学校）の生徒だ。 
393,once,1度,I have been to Hawaii once.,ハワイへ1度行ったことがある。 
394,anymore,これ以上,I can't eat anymore.,これ以上は食べられない。 
395,almost,ほとんど,I have almost finished my work.,ほとんど仕事が終わった。 
396,carefully,注意して,Read the instructions carefully.,説明書を注意して読みなさい。 
397,luckily,運よく,"Luckily, it didn't rain.",運よく、雨は降らなかった。 
398,outdoors,屋外で,I like to play outdoors.,私は屋外で遊ぶのが好きだ。 
399,clearly,はっきりと,Can you see the sign clearly?,そのサインがはっきりと見えますか？ 
400,against,~に反対して,I am against your plan.,私はあなたの計画に反対している。 
401,connect,をつなぐ ,You can connect your computer to the printer.,コンピューターをプリンターにつなぐことができます。
402,suppose,~することになっている ,We are supposed to meet at 10 o'clock.,私たちは10時に会うことになっています。
403,fail,失敗する ,He failed the driving test twice.,彼は運転免許の試験に2回失敗しました。
404,display,を展示する ,New products are displayed in the window.,新製品が窓際に展示されています。
405,compete,競争する ,Many athletes compete in the Olympics.,多くの選手がオリンピックで競争します。
406,explore,を探検する ,They explored the deep forest.,彼らは深い森を探検しました。
407,raise,を上げる ,Please raise your hand if you have a question.,質問があれば手を上げてください。
408,contact,~と連絡をとる ,I will contact you as soon as I arrive.,到着したらすぐに連絡をとります。
409,attend,出席する ,I'm going to attend a wedding next week.,来週、結婚式に出席する予定です。
410,remove,を取り除く ,Please remove your shoes at the entrance.,玄関で靴を取り除いて（脱いで）ください。
411,complete,を達成する ,She completed the marathon in four hours.,彼女は4時間でマラソンを達成（完走）しました。
412,gain,を得る ,You can gain useful experience from this job.,この仕事から役立つ経験を得ることができます。
413,balance,バランスをとる ,It is hard to balance work and life.,仕事と生活のバランスをとるのは難しい。
414,decorate,を飾る ,We decorated the Christmas tree with lights.,私たちはクリスマスツリーをライトで飾りました。
415,gather,を集める ,A large crowd gathered to see the singer.,歌手を見るために大きな群衆が集まりました。
416,bother,~に迷惑をかける ,"I'm sorry to bother you, but can you help me?",迷惑をかけてすみませんが、手伝ってくれますか？
417,retire,引退する ,My grandfather retired last year.,私の祖父は昨年引退しました。
418,hate,を憎む ,I hate getting up early in winter.,冬に早起きするのを憎んで（ひどく嫌って）います。
419,hug,を抱きしめる ,She gave her daughter a big hug.,彼女は娘を大きなハグで抱きしめました。
420,support,を支持する ,My parents supported my decision.,両親は私の決定を支持してくれました。
421,touch,触れる ,Please do not touch the paintings.,絵画に触れないでください。
422,scare,を怯えさせる ,The loud noise scared the baby.,大きな音が赤ん坊を怯えさせました。
423,hire,を雇う ,The shop is hiring part-time workers.,その店はパートタイムの従業員を雇っています。
424,expect,を予期する ,I expect that it will rain tonight.,今夜は雨が降ると予期しています。
425,publish,を出版する ,He published his first book last month.,彼は先月、最初の本を出版しました。
426,attack,を攻撃する ,The castle was attacked by the enemy.,その城は敵に攻撃されました。
427,measure,を測定する ,The nurse measured my temperature.,看護師が私の体温を測定しました。
428,discuss,議論する ,We need to discuss this problem.,私たちはこの問題について議論する必要があります。
429,examination,試験 ,I have to take a medical examination.,健康診断（試験）を受けなければなりません。
430,research,調査 ,She is doing research on space.,彼女は宇宙に関する調査を行っています。
431,amount,量 ,A large amount of water was wasted.,大量の水が浪費されました。
432,announcement,発表 ,I heard an announcement at the station.,駅で発表（アナウンス）を聞きました。
433,screen,画面 ,My smartphone screen is broken.,スマートフォンの画面が割れています。
434,advice,助言 ,My teacher gave me some good advice.,先生が私に良い助言をくれました。
435,distance,距離 ,What is the distance from here to the airport?,ここから空港までの距離はどのくらいですか？
436,shopper,買い物客 ,The mall was crowded with shoppers.,モールは買い物客で混雑していました。
437,director,監督 ,He is a famous movie director.,彼は有名な映画監督です。
438,technique,技術 ,You need special techniques for this job.,この仕事には特別な技術が必要です。
439,average,平均 ,The average age of the students is 15.,生徒の平均年齢は15歳です。
440,gallery,美術館 ,There is an art gallery near the park.,公園の近くに美術館（ギャラリー）があります。
441,convenience,便利 ,I chose this hotel for its convenience.,利便性（便利さ）のためにこのホテルを選びました。
442,application,申し込み ,I filled out the application form.,申し込み用紙に記入しました。
443,state,国家 ,Texas is a large state in the US.,テキサスはアメリカの大きな州（国家的な単位）です。
444,amusement,娯楽 ,We went to the amusement park.,私たちは遊園地（娯楽施設）へ行きました。
445,sight,光景 ,The sunset was a beautiful sight.,夕焼けは美しい光景でした。
446,matter,問題 ,What is the matter with you?,どうしたのですか？（何が問題ですか？）
447,sauce,ソース ,I like pasta with tomato sauce.,トマトソースのパスタが好きです。
448,bottom,底 ,There is a hole in the bottom of the bag.,バッグの底に穴が開いています。
449,corner,角 ,The store is on the corner of the street.,その店は通りの角にあります。
450,principal,校长 ,Our principal gave a speech today.,今日、私たちの校長先生がスピーチをしました。
451,homestay,ホームステイ ,I did a homestay in Canada last year.,去年、カナダでホームステイをしました。
452,jellyfish,クラゲ ,Be careful of jellyfish in the sea.,海のクラゲに気をつけてください。
453,percent,パーセント ,About 70 percent of the earth is water.,地球の約70パーセントは水です。
454,lifestyle,ライフスタイル ,She has a healthy lifestyle.,彼女は健康的なライフスタイルを送っています。
455,career,职业 ,He wants to have a career in medicine.,彼は医学の職業に就きたいと思っています。
456,goal,目標 ,My goal is to pass the exam.,私の目標は試験に合格することです。
457,chef,シェフ ,He works as a chef in a French restaurant.,彼はフランス料理店のシェフとして働いています。
458,fashion,流行 ,This style is currently in fashion.,このスタイルは現在流行しています。
459,relative,親戚 ,All my relatives gathered for the New Year.,お正月に親戚が全員集まりました。
460,credit,信用 ,Can I pay by credit card?,クレジット（信用）カードで払えますか？
461,challenge,課題 ,Learning a new language is a challenge.,新しい言語を学ぶことは課題（挑戦）です。
462,luck,幸運 ,Good luck with your test!,テストの幸運を祈ります！
463,backyard,裏庭 ,We had a barbecue in the backyard.,裏庭でバーベキューをしました。
464,emergency,緊急事態 ,Call this number in an emergency.,緊急事態の際はこの番号にかけてください。
465,favor,好意 ,Could you do me a favor?,お願い（好意による助け）をきいてくれますか？
466,Olympics,国際オリンピック大会 ,Tokyo hosted the Olympics.,東京がオリンピックを開催しました。
467,fever,熱 ,I have a high fever today.,今日は高い熱があります。
468,campus,構内 ,The university campus is very large.,大学の構内（キャンパス）はとても広いです。
469,photographer,写真家 ,She is a professional photographer.,彼女はプロの写真家です。
470,bar,棒 ,He bought a chocolate bar.,彼は棒状のチョコレートを買いました。
471,laundry,洗濯物 ,I have to do the laundry today.,今日は洗濯物（の洗濯）をしなければなりません。
472,refrigerator,冷蔵庫 ,Put the milk in the refrigerator.,牛乳を冷蔵庫に入れてください。
473,modern,現代の ,I like modern art.,私は現代の芸術が好きです。
474,common,共通の ,We have many common interests.,私たちには多くの共通の興味があります。
475,extra,余分の ,Can I have an extra blanket?,余分の（もう一枚の）毛布をいただけますか？
476,national,国民の ,Today is a national holiday.,今日は国民の休日（祝日）です。
477,real,本当の ,Is this a real diamond?,これは本当のダイヤモンドですか？
478,comfortable,快適な ,This sofa is very comfortable.,このソファーはとても快適です。
479,possible,可能な ,Is it possible to finish this today?,今日中にこれを終えることは可能ですか？
480,recent,最近の ,I'm interested in recent news.,私は最近のニュースに興味があります。
481,least,最も少ない ,This is the least expensive bag.,これが最も少ない（最も安い）費用のバッグです。
482,normal,普通の ,It's normal to feel nervous before a speech.,スピーチの前に緊張するのは普通のことです。
483,international,国際的な ,He works for an international company.,彼は国際的な会社で働いています。
484,asleep,眠って ,The baby is fast asleep.,赤ん坊はぐっすり眠っています。
485,active,活動的な ,She is an active member of the club.,彼女はクラブの活動的なメンバーです。
486,lonely,寂しい ,He felt lonely after his friends left.,友達が帰った後、彼は寂しいと感じました。
487,regular,通常の ,I go for a walk as a regular exercise.,通常の（日課の）運動として散歩に行きます。
488,bright,明るい ,The sun is very bright today.,今日は太陽がとても明るいです。
489,correct,正しい ,Your answer is correct.,あなたの答えは正しいです。
490,relaxing,くつろがせる ,I had a relaxing time at the beach.,私はビーチでくつろがせる（リラックスした）時間を過ごしました。
491,unfortunately,不幸にも ,"Unfortunately, it rained on our picnic day.",不幸にも、ピクニックの日は雨が降りました。
492,downtown,街の中心部へ ,Let's go downtown to do some shopping.,買い物をするために街の中心部へ行きましょう。
493,mostly,大部分は ,The people were mostly students.,その人々は大部分が学生でした。
494,nearly,ほとんど ,It's nearly dinner time.,ほとんど夕食の時間です。
495,heavily,激しく ,It's snowing heavily outside.,外は激しく雪が降っています。
496,anytime,いつでも ,You can call me anytime.,いつでも私に電話していいですよ。
497,except,~を除いては ,The store is open every day except Sunday.,その店は日曜日を除いては毎日開いています。
498,behind,~の後ろに ,The cat is hiding behind the sofa.,猫がソファーの後ろに隠れています。
499,neither,どちらも〜ない ,Neither of them could solve the problem.,彼らのどちらもその問題を解決できませんでした。
500,none,誰も〜ない ,None of my friends came to the party.,私の友達は誰もパーティーに来ませんでした。
